value;name;position;display_name;bonus;bonus_weighted;bps;bps_weighted;total_points;total_points_weighted;vpc_ratio;vpc_ratio_weighted
5.2;Aaron Cresswell 402;Defender;Aaron Cresswell;0.0;0.0;3.6;3.6;0.4;0.4;0.07692307692307693;0.07692307692307693
5.0;Aaron Lennon 83;Midfielder;Aaron Lennon;0.4;0.1;12.8;4.306666666666667;4.0;1.3966666666666667;0.8;0.2793333333333333
5.2;Aaron Mooy 199;Midfielder;Aaron Mooy;0.0;0.0;13.2;6.163333333333333;2.0;0.9133333333333333;0.3846153846153846;0.17564102564102563
7.4;Aaron Ramsey 14;Midfielder;Aaron Ramsey;0.2;0.1;14.4;5.013333333333334;5.0;1.77;0.6756756756756757;0.2391891891891892
4.3;Aaron Wan-Bissaka 145;Defender;Aaron Wan-Bissaka;1.2;0.27;21.8;8.303333333333333;4.4;1.2766666666666666;1.0232558139534884;0.29689922480620157
4.4;Abdelhamid Sabiri 205;Midfielder;Abdelhamid Sabiri;0.0;0.0;0.0;0.0;0.0;0.0;0.0;0.0
5.9;Abdoulaye Doucouré 390;Midfielder;Abdoulaye Doucouré;1.0;0.52;18.8;10.086666666666668;4.6;2.7866666666666666;0.7796610169491525;0.4723163841807909
4.4;Aboubakar Kamara 189;Forward;Aboubakar Kamara;0.0;0.0;-0.8;-0.4;0.2;0.1;0.045454545454545456;0.022727272727272728
6.9;Adam Lallana 250;Midfielder;Adam Lallana;0.0;0.0;2.0;2.0;0.4;0.4;0.057971014492753624;0.057971014492753624
4.3;Adam Masina 386;Defender;Adam Masina;0.2;0.2;6.8;6.32;1.6;1.44;0.372093023255814;0.33488372093023255
4.5;Adam Smith 29;Defender;Adam Smith;0.0;0.0;17.6;8.143333333333334;4.4;2.263333333333333;0.9777777777777779;0.502962962962963
4.7;Adama Diakhaby 471;Midfielder;Adama Diakhaby;0.0;0.0;1.4;1.23;0.6;0.29;0.1276595744680851;0.06170212765957446
5.5;Adama Traoré 500;Midfielder;Adama Traoré;0.0;0.0;3.6;2.0633333333333335;0.8;0.39;0.14545454545454548;0.07090909090909091
5.1;Ademola Lookman 170;Midfielder;Ademola Lookman;0.0;0.0;4.2;3.72;1.0;0.8400000000000001;0.19607843137254904;0.1647058823529412
4.2;Adrian Mariappa 382;Defender;Adrian Mariappa;0.0;0.0;5.8;5.2;1.4;1.3;0.3333333333333333;0.30952380952380953
4.8;Adrien Sebastian Perruchet Silva 231;Midfielder;Adrien Sebastian Perruchet Silva;0.0;0.0;0.0;0.0;0.0;0.0;0.0;0.0
4.4;Adrián San Miguel del Castillo 399;Goalkeeper;Adrián San Miguel del Castillo;0.0;0.0;0.0;0.0;0.0;0.0;0.0;0.0
4.4;Ainsley Maitland-Niles 20;Midfielder;Ainsley Maitland-Niles;0.0;0.0;0.0;0.0;0.0;0.0;0.0;0.0
4.2;Alberto Moreno 240;Defender;Alberto Moreno;0.0;0.0;0.0;0.0;0.0;0.0;0.0;0.0
6.9;Aleksandar Mitrovic 480;Forward;Aleksandar Mitrovic;0.4;0.1;9.2;4.586666666666667;3.6;1.7466666666666668;0.5217391304347826;0.2531400966183575
5.5;Alex Iwobi 15;Midfielder;Alex Iwobi;0.0;0.0;3.8;1.45;1.4;0.5166666666666666;0.2545454545454545;0.09393939393939393
4.5;Alex McCarthy 328;Goalkeeper;Alex McCarthy;0.0;0.0;15.8;8.836666666666668;2.2;1.5833333333333333;0.48888888888888893;0.35185185185185186
6.4;Alex Oxlade-Chamberlain 248;Midfielder;Alex Oxlade-Chamberlain;0.0;0.0;0.0;0.0;0.0;0.0;0.0;0.0
4.8;Alex Pritchard 206;Midfielder;Alex Pritchard;0.0;0.0;4.8;3.166666666666667;1.4;0.7833333333333333;0.2916666666666667;0.16319444444444445
4.4;Alex Smithies 89;Goalkeeper;Alex Smithies;0.0;0.0;0.0;0.0;0.0;0.0;0.0;0.0
4.9;Alexander Sørloth 153;Forward;Alexander Sørloth;0.0;0.0;1.0;0.36666666666666664;0.6;0.21666666666666665;0.12244897959183672;0.044217687074829926
9.7;Alexandre Lacazette 22;Forward;Alexandre Lacazette;0.8;0.3;21.6;8.290000000000001;6.0;2.1333333333333337;0.6185567010309279;0.21993127147766328
10.0;Alexis Sánchez 295;Midfielder;Alexis Sánchez;0.2;0.1;8.6;3.2;2.2;0.8800000000000001;0.22000000000000003;0.08800000000000001
4.9;Alfie Mawson 487;Defender;Alfie Mawson;0.0;0.0;4.6;1.73;0.2;0.04;0.04081632653061224;0.008163265306122448
4.0;Alfie Whiteman 538;Goalkeeper;Alfie Whiteman;0.0;0.0;0.0;0.0;0.0;0.0;0.0;0.0
6.8;Alireza Jahanbakhsh 476;Midfielder;Alireza Jahanbakhsh;0.0;0.0;4.0;3.006666666666667;1.4;0.7566666666666666;0.20588235294117646;0.11127450980392156
5.6;Alisson Ramses Becker 468;Goalkeeper;Alisson Ramses Becker;0.0;0.0;19.8;9.559999999999999;4.6;2.38;0.8214285714285714;0.425
5.0;Ander Herrera 299;Midfielder;Ander Herrera;0.0;0.0;1.4;1.4;0.2;0.2;0.04;0.04
4.4;Anders Lindegaard 485;Goalkeeper;Anders Lindegaard;0.0;0.0;0.0;0.0;0.0;0.0;0.0;0.0
6.0;Andre Gray 395;Forward;Andre Gray;0.4;0.08;10.2;2.73;3.6;1.0533333333333332;0.6;0.17555555555555555
5.0;Andreas Christensen 119;Defender;Andreas Christensen;0.0;0.0;0.0;0.0;0.0;0.0;0.0;0.0
4.7;Andreas Pereira 481;Midfielder;Andreas Pereira;0.0;0.0;1.4;0.95;0.2;0.05;0.0425531914893617;0.010638297872340425
6.4;Andrew Robertson 247;Defender;Andrew Robertson;0.6;0.45;20.6;10.8;5.0;2.763333333333333;0.78125;0.43177083333333327
4.8;Andrew Surman 35;Midfielder;Andrew Surman;0.0;0.0;2.4;0.6;0.4;0.1;0.08333333333333334;0.020833333333333336
6.8;Andriy Yarmolenko 453;Midfielder;Andriy Yarmolenko;0.4;0.08;16.0;5.04;4.8;1.4033333333333333;0.7058823529411765;0.20637254901960786
5.8;Andros Townsend 149;Midfielder;Andros Townsend;0.0;0.0;12.0;5.493333333333334;2.2;0.9366666666666668;0.37931034482758624;0.16149425287356323
5.4;André Filipe Tavares Gomes 508;Midfielder;André Filipe Tavares Gomes;0.0;0.0;1.8;1.8;0.6;0.6;0.1111111111111111;0.1111111111111111
5.9;André Schürrle 478;Midfielder;André Schürrle;0.0;0.0;14.2;8.626666666666667;3.8;2.3133333333333335;0.6440677966101694;0.392090395480226
4.4;André-Frank Zambo Anguissa 512;Midfielder;André-Frank Zambo Anguissa;0.0;0.0;6.4;2.15;1.2;0.42333333333333334;0.2727272727272727;0.09621212121212121
5.4;Andy Carroll 418;Forward;Andy Carroll;0.0;0.0;0.0;0.0;0.0;0.0;0.0;0.0
4.3;Angelo Ogbonna 403;Defender;Angelo Ogbonna;0.0;0.0;0.0;0.0;0.0;0.0;0.0;0.0
4.4;Angus Gunn 452;Goalkeeper;Angus Gunn;0.0;0.0;0.0;0.0;0.0;0.0;0.0;0.0
5.5;Anthony Knockaert 55;Midfielder;Anthony Knockaert;0.0;0.0;13.4;4.116666666666667;3.0;0.8766666666666666;0.5454545454545454;0.1593939393939394
7.2;Anthony Martial 301;Midfielder;Anthony Martial;1.2;0.9;19.0;14.05;6.4;4.523333333333333;0.888888888888889;0.6282407407407408
4.4;Anthony Pilkington 103;Midfielder;Anthony Pilkington;0.0;0.0;0.0;0.0;0.0;0.0;0.0;0.0
5.9;Antonio Rüdiger 118;Defender;Antonio Rüdiger;0.4;0.4;23.0;12.1;5.4;3.3133333333333335;0.9152542372881356;0.5615819209039548
6.5;Antonio Valencia 288;Defender;Antonio Valencia;0.0;0.0;5.6;1.28;0.6;0.13999999999999999;0.0923076923076923;0.021538461538461538
4.5;Arijanet Muric 529;Goalkeeper;Arijanet Muric;0.0;0.0;0.0;0.0;0.0;0.0;0.0;0.0
4.4;Aron Gunnarsson 102;Midfielder;Aron Gunnarsson;0.0;0.0;1.8;1.8;0.2;0.2;0.045454545454545456;0.045454545454545456
4.4;Arthur Masuaku 410;Midfielder;Arthur Masuaku;0.0;0.0;11.4;3.586666666666667;1.6;0.5233333333333333;0.36363636363636365;0.11893939393939393
4.0;Artur Boruc 25;Goalkeeper;Artur Boruc;0.0;0.0;0.0;0.0;0.0;0.0;0.0;0.0
5.7;Ashley Barnes 85;Forward;Ashley Barnes;0.6;0.15;12.0;3.63;3.2;1.04;0.5614035087719298;0.1824561403508772
3.9;Ashley Darel Jazz Richards 96;Defender;Ashley Darel Jazz Richards;0.0;0.0;2.2;1.1;0.2;0.2;0.05128205128205129;0.05128205128205129
4.5;Ashley Westwood 80;Midfielder;Ashley Westwood;0.0;0.0;11.6;4.0600000000000005;2.6;0.9566666666666667;0.5777777777777778;0.21259259259259258
4.5;Ashley Williams 159;Defender;Ashley Williams;0.0;0.0;0.0;0.0;0.0;0.0;0.0;0.0
5.7;Ashley Young 293;Defender;Ashley Young;0.0;0.0;13.4;6.653333333333333;1.8;0.6;0.3157894736842105;0.10526315789473684
4.5;Asmir Begovic 24;Goalkeeper;Asmir Begovic;0.4;0.4;18.8;10.266666666666667;3.8;2.6133333333333333;0.8444444444444444;0.5807407407407408
5.7;Aymeric Laporte 268;Defender;Aymeric Laporte;0.0;0.0;28.0;12.976666666666665;6.0;2.7399999999999998;1.0526315789473684;0.48070175438596485
6.1;Ayoze Pérez 326;Forward;Ayoze Pérez;0.0;0.0;6.6;3.5933333333333337;2.6;1.2133333333333334;0.42622950819672134;0.19890710382513663
5.0;Bakary Sako 148;Midfielder;Bakary Sako;0.0;0.0;0.0;0.0;0.0;0.0;0.0;0.0
8.9;Bamidele Alli 365;Midfielder;Bamidele Alli;0.0;0.0;0.6;0.15;0.2;0.05;0.02247191011235955;0.0056179775280898875
5.0;Barry Douglas 424;Defender;Barry Douglas;0.0;0.0;0.0;0.0;0.0;0.0;0.0;0.0
5.6;Ben Davies 356;Defender;Ben Davies;0.0;0.0;5.0;4.7;1.4;1.3;0.25;0.23214285714285718
4.5;Ben Foster 445;Goalkeeper;Ben Foster;0.0;0.0;15.4;7.846666666666667;2.4;1.5466666666666666;0.5333333333333333;0.3437037037037037
4.8;Ben Gibson 491;Defender;Ben Gibson;0.0;0.0;0.0;0.0;0.0;0.0;0.0;0.0
4.0;Ben Hamer 190;Goalkeeper;Ben Hamer;0.0;0.0;0.0;0.0;0.0;0.0;0.0;0.0
4.9;Ben Mee 70;Defender;Ben Mee;0.0;0.0;13.0;4.826666666666666;2.2;0.6133333333333333;0.4489795918367347;0.12517006802721087
4.0;Ben Wilmot 544;Defender;Ben Wilmot;0.0;0.0;3.0;3.0;1.0;1.0;0.25;0.25
4.4;Beni Baningime 174;Midfielder;Beni Baningime;0.0;0.0;0.0;0.0;0.0;0.0;0.0;0.0
5.0;Benjamin Chilwell 219;Defender;Benjamin Chilwell;0.0;0.0;11.6;3.55;1.6;0.5;0.32;0.1
6.3;Benjamin Mendy 267;Defender;Benjamin Mendy;0.2;0.2;12.6;10.3;3.0;2.5;0.4761904761904762;0.39682539682539686
4.4;Beram Kayal 57;Midfielder;Beram Kayal;0.0;0.0;12.6;7.9;3.0;2.083333333333333;0.6818181818181818;0.4734848484848484
5.9;Bernard Anício Caldeira Duarte 507;Midfielder;Bernard Anício Caldeira Duarte;0.4;0.2;11.4;5.336666666666667;3.0;1.6166666666666665;0.5084745762711864;0.2740112994350282
4.2;Bernardo Fernandes da Silva Junior 440;Defender;Bernardo Fernandes da Silva Junior;0.0;0.0;1.6;1.6;0.2;0.2;0.047619047619047616;0.047619047619047616
7.6;Bernardo Mota Veiga de Carvalho e Silva 276;Midfielder;Bernardo Mota Veiga de Carvalho e Silva;0.6;0.15;22.2;9.713333333333333;5.6;2.42;0.7368421052631579;0.31842105263157894
4.8;Bernd Leno 2;Goalkeeper;Bernd Leno;0.0;0.0;6.0;2.6333333333333333;1.0;0.4333333333333333;0.20833333333333334;0.09027777777777778
5.2;Bobby Reid 110;Forward;Bobby Reid;0.6;0.6;10.0;9.03;3.4;2.68;0.6538461538461539;0.5153846153846154
4.8;Bonatini Lohner Maia Bonatini 438;Forward;Bonatini Lohner Maia Bonatini;0.0;0.0;-0.2;0.039999999999999994;0.4;0.10666666666666666;0.08333333333333334;0.022222222222222223
4.8;Brahim Diaz 278;Midfielder;Brahim Diaz;0.0;0.0;0.0;0.0;0.0;0.0;0.0;0.0
4.0;Brian Murphy 537;Goalkeeper;Brian Murphy;0.0;0.0;0.0;0.0;0.0;0.0;0.0;0.0
4.4;Bright Enobakhare 436;Midfielder;Bright Enobakhare;0.0;0.0;0.0;0.0;0.0;0.0;0.0;0.0
4.5;Bruno Ecuele Manga 92;Defender;Bruno Ecuele Manga;0.0;0.0;14.2;6.273333333333333;1.4;0.6666666666666666;0.3111111111111111;0.14814814814814814
4.4;Bruno Saltor Grau 50;Defender;Bruno Saltor Grau;0.2;0.1;9.4;6.8;2.6;1.9;0.5909090909090908;0.43181818181818177
4.9;Caglar Söyüncü 515;Defender;Caglar Söyüncü;0.0;0.0;0.0;0.0;0.0;0.0;0.0;0.0
4.3;Callum Hudson-Odoi 131;Midfielder;Callum Hudson-Odoi;0.0;0.0;0.0;0.0;0.0;0.0;0.0;0.0
5.2;Callum Paterson 101;Midfielder;Callum Paterson;0.0;0.0;9.0;6.7666666666666675;2.4;1.7733333333333334;0.4615384615384615;0.34102564102564104
6.4;Callum Wilson 43;Forward;Callum Wilson;0.4;0.2;16.2;7.386666666666668;5.2;2.1933333333333334;0.8125;0.34270833333333334
4.3;Calum Chambers 9;Defender;Calum Chambers;0.0;0.0;2.6;1.1;0.2;-0.1;0.04651162790697675;-0.023255813953488375
4.5;Carlos Sánchez 518;Midfielder;Carlos Sánchez;0.0;0.0;1.4;0.31;0.4;0.09;0.08888888888888889;0.02
6.7;Cenk Tosun 177;Forward;Cenk Tosun;0.0;0.0;12.4;7.703333333333333;2.8;1.5633333333333332;0.417910447761194;0.2333333333333333
6.3;Cesc Fàbregas 123;Midfielder;Cesc Fàbregas;0.0;0.0;0.0;0.0;0.0;0.0;0.0;0.0
4.0;Chancel Mbemba 316;Defender;Chancel Mbemba;0.0;0.0;0.0;0.0;0.0;0.0;0.0;0.0
5.5;Charlie Austin 348;Forward;Charlie Austin;0.0;0.0;2.8;1.6833333333333336;1.0;0.5833333333333333;0.18181818181818182;0.10606060606060605
4.3;Charlie Daniels 28;Defender;Charlie Daniels;0.0;0.0;0.0;0.0;0.0;0.0;0.0;0.0
4.4;Charlie Taylor 74;Defender;Charlie Taylor;0.0;0.0;12.6;5.86;2.2;0.6733333333333333;0.5;0.15303030303030302
4.8;Cheikhou Kouyaté 412;Midfielder;Cheikhou Kouyaté;0.0;0.0;4.2;1.6733333333333333;1.6;0.67;0.33333333333333337;0.13958333333333334
4.4;Chris Löwe 193;Defender;Chris Löwe;0.4;0.2;15.2;7.029999999999999;2.6;1.2966666666666666;0.5909090909090908;0.2946969696969697
5.8;Chris Smalling 284;Defender;Chris Smalling;0.4;0.08;14.2;5.163333333333333;3.0;0.8666666666666668;0.5172413793103449;0.14942528735632188
6.2;Chris Wood 87;Forward;Chris Wood;0.0;0.0;2.2;1.03;1.0;0.45666666666666667;0.16129032258064516;0.07365591397849462
5.2;Christian Atsu 320;Midfielder;Christian Atsu;0.0;0.0;3.6;1.2833333333333332;0.8;0.2833333333333333;0.15384615384615385;0.05448717948717948
6.4;Christian Benteke 152;Forward;Christian Benteke;0.0;0.0;0.0;0.0;0.0;0.0;0.0;0.0
9.2;Christian Eriksen 364;Midfielder;Christian Eriksen;0.0;0.0;7.4;1.78;1.6;0.5;0.1739130434782609;0.05434782608695653
4.2;Christian Fuchs 216;Defender;Christian Fuchs;0.0;0.0;0.0;0.0;0.0;0.0;0.0;0.0
4.5;Christian Kabasele 380;Defender;Christian Kabasele;0.0;0.0;4.4;0.8433333333333334;0.0;-0.19333333333333336;0.0;-0.04296296296296297
4.3;Christopher Schindler 192;Defender;Christopher Schindler;0.0;0.0;16.4;8.209999999999999;2.8;1.3966666666666667;0.6511627906976744;0.32480620155038764
4.5;Ciaran Clark 311;Defender;Ciaran Clark;0.0;0.0;5.8;1.5333333333333334;1.4;0.30666666666666664;0.3111111111111111;0.06814814814814814
4.9;Claudio Bravo 261;Goalkeeper;Claudio Bravo;0.0;0.0;0.0;0.0;0.0;0.0;0.0;0.0
4.4;Collin Quaner 209;Forward;Collin Quaner;0.0;0.0;0.0;0.0;0.0;0.0;0.0;0.0
4.9;Connor Wickham 444;Forward;Connor Wickham;0.0;0.0;0.4;0.4;0.2;0.2;0.04081632653061224;0.04081632653061224
4.5;Conor Coady 430;Defender;Conor Coady;0.0;0.0;20.0;8.306666666666667;4.0;1.44;0.8888888888888888;0.32
4.5;Craig Cathcart 376;Defender;Craig Cathcart;0.0;0.0;10.8;6.529999999999999;1.4;1.1733333333333333;0.3111111111111111;0.2607407407407407
4.5;Cuco Martina 163;Defender;Cuco Martina;0.0;0.0;0.0;0.0;0.0;0.0;0.0;0.0
4.3;Cyrus Christie 460;Defender;Cyrus Christie;0.0;0.0;8.4;3.066666666666667;0.2;0.04;0.04651162790697675;0.009302325581395349
4.4;Cédric Soares 332;Defender;Cédric Soares;0.6;0.6;14.2;8.66;2.2;1.9166666666666667;0.5;0.4356060606060606
6.4;César Azpilicueta 113;Defender;César Azpilicueta;0.0;0.0;19.6;8.376666666666667;3.4;1.3133333333333332;0.53125;0.2052083333333333
4.4;Dale Stephens 56;Midfielder;Dale Stephens;0.0;0.0;5.0;2.6399999999999997;1.0;0.6900000000000001;0.22727272727272727;0.15681818181818183
5.0;Daley Blind 290;Defender;Daley Blind;0.0;0.0;0.0;0.0;0.0;0.0;0.0;0.0
4.9;Dan Gosling 37;Midfielder;Dan Gosling;0.0;0.0;3.0;1.26;0.8;0.4066666666666666;0.16326530612244897;0.08299319727891155
4.4;Daniel Amartey 226;Midfielder;Daniel Amartey;0.0;0.0;8.8;2.9;1.2;0.4;0.2727272727272727;0.09090909090909091
4.7;Daniel Drinkwater 128;Midfielder;Daniel Drinkwater;0.0;0.0;0.0;0.0;0.0;0.0;0.0;0.0
5.8;Daniel Sturridge 472;Forward;Daniel Sturridge;0.4;0.13333333333333333;7.2;3.1399999999999997;2.0;0.8066666666666666;0.3448275862068966;0.13908045977011493
5.1;Danilo Luiz da Silva 266;Defender;Danilo Luiz da Silva;0.0;0.0;0.0;0.0;0.0;0.0;0.0;0.0
4.0;Danny Batth 428;Defender;Danny Batth;0.0;0.0;0.0;0.0;0.0;0.0;0.0;0.0
5.6;Danny Ings 258;Forward;Danny Ings;0.2;0.04;6.8;1.9533333333333331;2.4;0.9133333333333333;0.4285714285714286;0.1630952380952381
5.9;Danny Rose 354;Defender;Danny Rose;0.4;0.1;16.0;5.543333333333334;4.4;1.5233333333333332;0.7457627118644068;0.2581920903954802
4.2;Danny Simpson 217;Defender;Danny Simpson;0.0;0.0;0.0;0.0;0.0;0.0;0.0;0.0
4.5;Danny Ward 105;Midfielder;Danny Ward;0.0;0.0;4.0;1.0966666666666667;1.2;0.3466666666666667;0.26666666666666666;0.07703703703703704
4.4;Danny Ward 457;Goalkeeper;Danny Ward;0.0;0.0;0.0;0.0;0.0;0.0;0.0;0.0
6.5;Danny Welbeck 21;Forward;Danny Welbeck;0.0;0.0;5.4;2.4899999999999998;1.6;0.6566666666666666;0.24615384615384617;0.10102564102564102
4.5;Danny Williams 204;Midfielder;Danny Williams;0.0;0.0;0.0;0.0;0.0;0.0;0.0;0.0
4.9;Daryl Janmaat 381;Defender;Daryl Janmaat;0.0;0.0;4.6;1.06;0.6;0.13999999999999999;0.12244897959183672;0.028571428571428567
5.1;David Brooks 42;Midfielder;David Brooks;0.4;0.16666666666666666;14.6;5.756666666666666;4.2;1.72;0.823529411764706;0.33725490196078434
4.0;David Button 179;Goalkeeper;David Button;0.0;0.0;0.0;0.0;0.0;0.0;0.0;0.0
5.8;David De Gea 282;Goalkeeper;David De Gea;0.2;0.05;16.8;7.65;2.8;1.1366666666666667;0.48275862068965514;0.1959770114942529
5.1;David Junior Hoilett 99;Midfielder;David Junior Hoilett;0.0;0.0;3.4;0.96;1.2;0.38;0.23529411764705882;0.07450980392156864
5.5;David Luiz Moreira Marinho 116;Defender;David Luiz Moreira Marinho;0.2;0.06666666666666667;20.0;8.503333333333334;3.6;1.3800000000000001;0.6545454545454545;0.2509090909090909
8.5;David Silva 271;Midfielder;David Silva;0.6;0.12;20.2;10.673333333333334;5.2;2.7399999999999998;0.611764705882353;0.32235294117647056
5.2;Davide Zappacosta 120;Defender;Davide Zappacosta;0.0;0.0;0.4;0.08;0.2;0.04;0.038461538461538464;0.007692307692307692
5.8;Davinson Sánchez 359;Defender;Davinson Sánchez;0.8;0.36666666666666664;18.4;10.433333333333334;4.8;2.7666666666666666;0.8275862068965517;0.4770114942528736
6.0;Davy Klaassen 171;Midfielder;Davy Klaassen;0.0;0.0;0.0;0.0;0.0;0.0;0.0;0.0
4.9;Davy Pröpper 60;Midfielder;Davy Pröpper;0.0;0.0;7.0;2.146666666666667;1.8;0.6133333333333333;0.36734693877551017;0.12517006802721087
4.5;DeAndre Yedlin 310;Defender;DeAndre Yedlin;0.0;0.0;12.0;5.553333333333333;2.0;0.8566666666666667;0.4444444444444444;0.19037037037037038
4.4;Declan Rice 406;Defender;Declan Rice;0.0;0.0;17.8;7.57;2.6;1.0733333333333335;0.5909090909090908;0.24393939393939396
4.9;Dejan Lovren 239;Defender;Dejan Lovren;1.2;0.9;12.2;9.1;3.6;2.7;0.7346938775510203;0.5510204081632653
5.4;Demarai Gray 225;Midfielder;Demarai Gray;0.0;0.0;1.4;0.32;0.6;0.13;0.1111111111111111;0.024074074074074074
4.4;Denis Odoi 181;Defender;Denis Odoi;0.0;0.0;11.6;5.16;0.4;0.09;0.09090909090909091;0.02045454545454545
4.5;Diego Rico 473;Defender;Diego Rico;0.0;0.0;2.8;0.63;0.2;0.04;0.044444444444444446;0.008888888888888889
6.0;Diogo Jota 432;Midfielder;Diogo Jota;0.0;0.0;5.6;1.3800000000000001;2.0;0.8133333333333332;0.3333333333333333;0.13555555555555554
5.0;Divock Origi 543;Forward;Divock Origi;0.0;0.0;0.0;0.0;0.0;0.0;0.0;0.0
4.4;Domingos Quina 517;Midfielder;Domingos Quina;0.0;0.0;0.0;0.0;0.0;0.0;0.0;0.0
5.3;Dominic Calvert-Lewin 175;Forward;Dominic Calvert-Lewin;0.2;0.2;7.0;6.436666666666666;2.2;1.5066666666666666;0.4150943396226416;0.2842767295597484
4.8;Dominic Solanke 259;Forward;Dominic Solanke;0.0;0.0;0.0;0.0;0.0;0.0;0.0;0.0
6.0;Dwight Gayle 325;Forward;Dwight Gayle;0.0;0.0;0.0;0.0;0.0;0.0;0.0;0.0
4.5;Dwight McNeil 534;Midfielder;Dwight McNeil;0.0;0.0;0.0;0.0;0.0;0.0;0.0;0.0
11.4;Eden Hazard 122;Midfielder;Eden Hazard;1.8;0.62;31.6;11.323333333333334;9.6;3.2166666666666672;0.8421052631578947;0.2821637426900585
5.7;Ederson Santana de Moraes 260;Goalkeeper;Ederson Santana de Moraes;0.2;0.1;24.8;11.290000000000001;6.4;2.88;1.1228070175438596;0.5052631578947369
4.5;Edimilson Fernandes 416;Midfielder;Edimilson Fernandes;0.0;0.0;0.0;0.0;0.0;0.0;0.0;0.0
4.4;Eldin Jakupovic 214;Goalkeeper;Eldin Jakupovic;0.0;0.0;0.0;0.0;0.0;0.0;0.0;0.0
4.9;Elias Kachunga 212;Forward;Elias Kachunga;0.0;0.0;0.0;-0.030000000000000006;0.6;0.13;0.12244897959183672;0.026530612244897958
4.5;Emerson Hyndman 41;Midfielder;Emerson Hyndman;0.0;0.0;0.0;0.0;0.0;0.0;0.0;0.0
5.2;Emerson Palmieri dos Santos 121;Defender;Emerson Palmieri dos Santos;0.0;0.0;0.0;0.0;0.0;0.0;0.0;0.0
4.0;Emiliano Martínez 542;Goalkeeper;Emiliano Martínez;0.0;0.0;0.0;0.0;0.0;0.0;0.0;0.0
5.1;Eric Bailly 291;Defender;Eric Bailly;0.0;0.0;1.0;0.32;0.2;0.04;0.03921568627450981;0.00784313725490196
4.8;Eric Dier 361;Midfielder;Eric Dier;0.0;0.0;16.6;7.676666666666667;3.6;1.78;0.75;0.37083333333333335
4.5;Erik Durm 461;Defender;Erik Durm;0.0;0.0;7.8;4.2;1.2;0.7166666666666666;0.26666666666666666;0.15925925925925924
6.4;Erik Lamela 363;Midfielder;Erik Lamela;0.8;0.65;15.6;8.72;5.0;2.8899999999999997;0.78125;0.4515624999999999
4.4;Ethan Ampadu 130;Midfielder;Ethan Ampadu;0.0;0.0;0.0;0.0;0.0;0.0;0.0;0.0
5.0;Etienne Capoue 389;Midfielder;Etienne Capoue;1.2;0.75;19.4;11.26;4.2;2.8233333333333333;0.8400000000000001;0.5646666666666667
3.9;Ezequiel Schelotto 53;Defender;Ezequiel Schelotto;0.0;0.0;0.0;0.0;0.0;0.0;0.0;0.0
5.3;Fabian Delph 269;Defender;Fabian Delph;0.4;0.08;12.6;2.8;2.8;0.62;0.5283018867924528;0.1169811320754717
4.7;Fabian Schär 482;Defender;Fabian Schär;0.0;0.0;0.0;0.0;0.0;0.0;0.0;0.0
5.6;Fabio Henrique Tavares 255;Midfielder;Fabio Henrique Tavares;0.0;0.0;0.6;0.6;0.2;0.2;0.03571428571428572;0.03571428571428572
4.4;Fabián Balbuena 464;Defender;Fabián Balbuena;0.4;0.1;16.6;6.859999999999999;3.2;1.2133333333333334;0.7272727272727273;0.27575757575757576
4.4;Fabricio Agosto Ramírez 474;Goalkeeper;Fabricio Agosto Ramírez;0.0;0.0;0.0;0.0;0.0;0.0;0.0;0.0
4.4;Federico Fernández 516;Defender;Federico Fernández;0.2;0.04;16.2;6.7299999999999995;2.8;1.0;0.6363636363636362;0.22727272727272727
6.8;Felipe Anderson Pereira Gomes 465;Midfielder;Felipe Anderson Pereira Gomes;0.6;0.2;15.8;5.863333333333333;3.4;1.2466666666666666;0.5;0.18333333333333332
5.7;Fernando Llorente 371;Forward;Fernando Llorente;0.0;0.0;0.4;0.4;0.2;0.2;0.03508771929824561;0.03508771929824561
5.4;Fernando Luiz Rosa 272;Midfielder;Fernando Luiz Rosa;0.6;0.6;22.0;12.626666666666667;5.6;3.6399999999999997;1.037037037037037;0.6740740740740739
5.0;Filip Benkovic 501;Defender;Filip Benkovic;0.0;0.0;0.0;0.0;0.0;0.0;0.0;0.0
4.4;Florent Hadergjonaj 197;Defender;Florent Hadergjonaj;0.0;0.0;7.0;3.66;1.4;0.7133333333333333;0.3181818181818181;0.16212121212121208
4.4;Florian Lejeune 314;Defender;Florian Lejeune;0.0;0.0;0.0;0.0;0.0;0.0;0.0;0.0
5.0;Florin Andone 66;Forward;Florin Andone;0.0;0.0;0.0;0.0;0.0;0.0;0.0;0.0
4.4;Floyd Ayité 186;Midfielder;Floyd Ayité;0.0;0.0;2.0;0.85;0.8;0.35666666666666663;0.18181818181818182;0.08106060606060604
4.7;Fousseni Diabaté 232;Midfielder;Fousseni Diabaté;0.0;0.0;0.0;0.0;0.0;0.0;0.0;0.0
4.2;Francisco Femenía Far 383;Defender;Francisco Femenía Far;0.0;0.0;12.0;8.236666666666668;1.8;1.3566666666666667;0.42857142857142855;0.32301587301587303
4.3;Fraser Forster 329;Goalkeeper;Fraser Forster;0.0;0.0;0.0;0.0;0.0;0.0;0.0;0.0
5.6;Frederico Rodrigues de Paula Santos 304;Midfielder;Frederico Rodrigues de Paula Santos;0.6;0.15;7.4;1.9333333333333331;2.2;0.5666666666666667;0.3928571428571429;0.10119047619047619
10.2;Gabriel Fernando de Jesus 281;Forward;Gabriel Fernando de Jesus;0.0;0.0;0.2;-0.1;0.8;0.4066666666666666;0.07843137254901962;0.03986928104575163
5.2;Gary Cahill 114;Defender;Gary Cahill;0.0;0.0;0.6;0.15;0.2;0.05;0.038461538461538464;0.009615384615384616
4.4;Gary Madine 109;Forward;Gary Madine;0.0;0.0;0.6;0.14666666666666667;0.4;0.10666666666666666;0.09090909090909091;0.02424242424242424
4.5;Gaëtan Bong 51;Defender;Gaëtan Bong;0.0;0.0;12.2;6.470000000000001;3.0;1.9566666666666666;0.6666666666666666;0.43481481481481477
4.9;Georges-Kévin Nkoudou 497;Midfielder;Georges-Kévin Nkoudou;0.0;0.0;0.0;0.0;0.0;0.0;0.0;0.0
5.5;Georginio Wijnaldum 252;Midfielder;Georginio Wijnaldum;0.4;0.08;12.8;4.166666666666667;3.4;1.0433333333333334;0.6181818181818182;0.18969696969696972
5.4;Gerard Deulofeu 394;Midfielder;Gerard Deulofeu;0.0;0.0;2.8;2.6;0.8;0.7;0.14814814814814814;0.12962962962962962
6.6;Glenn Murray 62;Forward;Glenn Murray;0.6;0.3;11.6;4.423333333333334;3.8;1.5066666666666666;0.5757575757575758;0.22828282828282828
4.5;Grady Diangana 539;Midfielder;Grady Diangana;0.0;0.0;2.3333333333333335;1.6666666666666667;0.6666666666666666;0.4444444444444444;0.14814814814814814;0.09876543209876543
5.3;Granit Xhaka 17;Midfielder;Granit Xhaka;0.4;0.08;14.8;4.386666666666667;3.4;0.9099999999999999;0.6415094339622641;0.17169811320754716
4.2;Greg Cunninghamm 467;Defender;Greg Cunninghamm;0.0;0.0;3.0;0.8166666666666667;0.0;0.0;0.0;0.0
4.0;Greg Halford 97;Defender;Greg Halford;0.0;0.0;0.0;0.0;0.0;0.0;0.0;0.0
5.5;Guido Carrillo 350;Forward;Guido Carrillo;0.0;0.0;0.0;0.0;0.0;0.0;0.0;0.0
7.4;Gylfi Sigurdsson 172;Midfielder;Gylfi Sigurdsson;1.2;0.5;27.2;10.866666666666667;7.2;2.913333333333333;0.9729729729729729;0.39369369369369367
4.4;Hamza Choudhury 230;Midfielder;Hamza Choudhury;0.0;0.0;0.0;0.0;0.0;0.0;0.0;0.0
4.9;Harry Arter 33;Midfielder;Harry Arter;0.0;0.0;8.4;4.15;1.6;0.7733333333333333;0.32653061224489793;0.15782312925170067
12.5;Harry Kane 372;Forward;Harry Kane;1.2;0.35;20.8;6.863333333333334;5.4;1.8966666666666665;0.43200000000000005;0.15173333333333333
5.5;Harry Maguire 220;Defender;Harry Maguire;0.6;0.2;19.4;6.4333333333333345;4.0;1.3599999999999999;0.7272727272727273;0.24727272727272726
5.5;Harry Winks 368;Midfielder;Harry Winks;0.0;0.0;6.2;3.96;1.6;0.9800000000000001;0.29090909090909095;0.1781818181818182
6.9;Henrikh Mkhitaryan 18;Midfielder;Henrikh Mkhitaryan;0.0;0.0;2.0;0.9400000000000001;0.6;0.24;0.08695652173913043;0.03478260869565217
8.3;Heung-Min Son 367;Midfielder;Heung-Min Son;0.0;0.0;5.6;2.066666666666667;2.0;0.6900000000000001;0.24096385542168672;0.08313253012048193
4.4;Heurelho Gomes 373;Goalkeeper;Heurelho Gomes;0.0;0.0;0.0;0.0;0.0;0.0;0.0;0.0
5.4;Hugo Lloris 351;Goalkeeper;Hugo Lloris;0.6;0.4;12.2;8.8;3.4;2.5;0.6296296296296295;0.4629629629629629
5.4;Héctor Bellerín 4;Defender;Héctor Bellerín;0.4;0.13333333333333333;18.6;6.246666666666667;4.2;1.4133333333333333;0.7777777777777778;0.2617283950617284
4.9;Hélder Costa 435;Midfielder;Hélder Costa;0.0;0.0;7.8;3.41;2.2;0.9866666666666667;0.4489795918367347;0.20136054421768707
4.4;Ibrahima Cissé 521;Midfielder;Ibrahima Cissé;0.0;0.0;0.0;0.0;0.0;0.0;0.0;0.0
4.9;Idrissa Gueye 168;Midfielder;Idrissa Gueye;0.0;0.0;14.6;7.506666666666666;2.2;0.9800000000000001;0.4489795918367347;0.2
5.5;Ilkay Gündogan 274;Midfielder;Ilkay Gündogan;0.4;0.1;12.2;2.93;2.8;0.6900000000000001;0.509090909090909;0.12545454545454546
4.4;Isaac Hayden 323;Midfielder;Isaac Hayden;0.0;0.0;3.0;0.6;0.4;0.08;0.09090909090909091;0.01818181818181818
5.9;Isaac Mbenza 514;Midfielder;Isaac Mbenza;0.0;0.0;3.2;1.8199999999999998;0.8;0.4066666666666666;0.13559322033898305;0.06892655367231637
4.5;Isaac Success Ajayi 524;Forward;Isaac Success Ajayi;0.0;0.0;1.8;1.4366666666666668;1.2;0.6566666666666666;0.26666666666666666;0.1459259259259259
4.3;Issa Diop 409;Defender;Issa Diop;0.0;0.0;17.4;8.98;2.8;1.1133333333333333;0.6511627906976744;0.2589147286821705
5.3;Ivan Cavaleiro 434;Midfielder;Ivan Cavaleiro;0.0;0.0;4.8;1.6666666666666667;1.4;0.6;0.2641509433962264;0.11320754716981132
4.8;Jack Cork 82;Midfielder;Jack Cork;0.0;0.0;10.8;4.87;1.8;0.7233333333333334;0.375;0.15069444444444446
3.9;Jack Simpson 32;Defender;Jack Simpson;0.0;0.0;0.0;0.0;0.0;0.0;0.0;0.0
4.3;Jack Stephens 333;Defender;Jack Stephens;0.0;0.0;3.8;3.8;1.2;1.2;0.27906976744186046;0.27906976744186046
4.8;Jack Wilshere 447;Midfielder;Jack Wilshere;0.0;0.0;0.0;0.0;0.0;0.0;0.0;0.0
4.9;Jacob Murphy 321;Midfielder;Jacob Murphy;0.0;0.0;1.8;0.5933333333333334;0.8;0.24666666666666667;0.16326530612244897;0.050340136054421766
4.4;Jairo Riedewald 144;Defender;Jairo Riedewald;0.0;0.0;0.0;0.0;0.0;0.0;0.0;0.0
4.8;Jamaal Lascelles 312;Defender;Jamaal Lascelles;0.0;0.0;14.6;6.653333333333333;2.2;0.9066666666666666;0.45833333333333337;0.18888888888888888
7.0;James Maddison 233;Midfielder;James Maddison;0.4;0.09;19.8;5.3966666666666665;4.8;1.3199999999999998;0.6857142857142857;0.18857142857142856
4.8;James McArthur 147;Midfielder;James McArthur;0.0;0.0;7.6;3.9733333333333336;2.0;0.8633333333333333;0.4166666666666667;0.1798611111111111
4.4;James McCarthy 166;Midfielder;James McCarthy;0.0;0.0;0.0;0.0;0.0;0.0;0.0;0.0
5.7;James Milner 254;Midfielder;James Milner;0.0;0.0;11.8;4.7299999999999995;1.6;0.8966666666666667;0.2807017543859649;0.15730994152046784
4.9;James Tarkowski 72;Defender;James Tarkowski;0.0;0.0;13.8;5.566666666666667;2.2;0.6466666666666667;0.4489795918367347;0.13197278911564625
4.4;James Tomkins 138;Defender;James Tomkins;0.0;0.0;18.2;7.466666666666667;2.8;0.89;0.6363636363636362;0.20227272727272727
5.2;James Ward-Prowse 338;Midfielder;James Ward-Prowse;0.0;0.0;-0.2;-0.04;0.2;0.04;0.038461538461538464;0.007692307692307692
4.0;Jamie Sterry 530;Defender;Jamie Sterry;0.0;0.0;0.0;0.0;0.0;0.0;0.0;0.0
9.0;Jamie Vardy 234;Forward;Jamie Vardy;0.8;0.2333333333333333;13.2;3.6533333333333333;4.6;1.3633333333333333;0.5111111111111111;0.15148148148148147
3.9;Jan Bednarek 335;Defender;Jan Bednarek;0.0;0.0;3.4;1.5;0.4;0.15;0.10256410256410257;0.038461538461538464
5.9;Jan Vertonghen 355;Defender;Jan Vertonghen;0.0;0.0;7.4;1.81;0.8;0.20666666666666664;0.13559322033898305;0.035028248587570615
4.8;Jannik Vestergaard 463;Defender;Jannik Vestergaard;0.0;0.0;9.2;2.3933333333333335;0.6;0.15666666666666668;0.125;0.03263888888888889
4.0;Jaroslaw Jach 442;Defender;Jaroslaw Jach;0.0;0.0;0.0;0.0;0.0;0.0;0.0;0.0
4.3;Jason Puncheon 146;Midfielder;Jason Puncheon;0.0;0.0;0.0;0.0;0.0;0.0;0.0;0.0
4.0;Jason Steele 439;Goalkeeper;Jason Steele;0.0;0.0;0.0;0.0;0.0;0.0;0.0;0.0
6.2;Javier Hernández Balcázar 419;Forward;Javier Hernández Balcázar;0.0;0.0;0.6;0.6;0.2;0.2;0.03225806451612903;0.03225806451612903
4.4;Javier Manquillo 315;Defender;Javier Manquillo;0.0;0.0;4.6;2.066666666666667;0.4;0.16666666666666666;0.09090909090909091;0.03787878787878787
5.5;Jean Michael Seri 456;Midfielder;Jean Michael Seri;0.4;0.1;15.4;7.713333333333333;2.6;1.3733333333333335;0.4727272727272727;0.24969696969696972
5.4;Jeff Hendrick 78;Midfielder;Jeff Hendrick;0.0;0.0;4.6;1.9600000000000002;0.8;0.38;0.14814814814814814;0.07037037037037036
4.5;Jefferson Lerma 494;Midfielder;Jefferson Lerma;0.2;0.06666666666666667;14.8;7.3966666666666665;3.0;1.4133333333333333;0.6666666666666666;0.31407407407407406
4.5;Jeffrey Schlupp 141;Defender;Jeffrey Schlupp;0.0;0.0;2.6;1.7533333333333332;1.0;0.5066666666666666;0.2222222222222222;0.11259259259259258
5.7;Jermain Defoe 46;Forward;Jermain Defoe;0.0;0.0;0.6;0.15;0.2;0.05;0.03508771929824561;0.008771929824561403
4.5;Jerome Sinclair 398;Forward;Jerome Sinclair;0.0;0.0;0.0;0.0;0.0;0.0;0.0;0.0
6.7;Jesse Lingard 300;Midfielder;Jesse Lingard;0.0;0.0;4.2;0.9400000000000001;0.8;0.18;0.11940298507462686;0.026865671641791045
4.5;Joe Bennett 94;Defender;Joe Bennett;0.0;0.0;6.6;4.12;0.6;0.4;0.13333333333333333;0.08888888888888889
4.8;Joe Bryan 510;Defender;Joe Bryan;0.0;0.0;1.8;0.6;0.2;0.06666666666666667;0.04166666666666667;0.01388888888888889
4.6;Joe Hart 490;Goalkeeper;Joe Hart;0.2;0.05;19.0;7.9;3.6;1.17;0.782608695652174;0.25434782608695655
4.8;Joe Ralls 98;Midfielder;Joe Ralls;0.0;0.0;4.8;1.1533333333333335;0.6;0.06333333333333332;0.125;0.013194444444444443
4.9;Joel Matip 243;Defender;Joel Matip;0.6;0.15;8.8;2.17;3.2;0.79;0.6530612244897959;0.16122448979591836
4.3;Joel Ward 441;Defender;Joel Ward;0.0;0.0;0.0;0.0;0.0;0.0;0.0;0.0
6.0;Johann Berg Gudmundsson 76;Midfielder;Johann Berg Gudmundsson;1.0;0.4;21.8;9.103333333333333;6.4;2.4566666666666666;1.0666666666666667;0.40944444444444444
4.4;John Ruddy 421;Goalkeeper;John Ruddy;0.0;0.0;0.0;0.0;0.0;0.0;0.0;0.0
5.3;John Stones 262;Defender;John Stones;0.4;0.2;12.0;8.65;3.0;2.05;0.5660377358490566;0.38679245283018865
3.9;Jon Gorenc Stankovic 522;Defender;Jon Gorenc Stankovic;0.0;0.0;0.0;0.0;0.0;0.0;0.0;0.0
4.4;Jonas Lössl 191;Goalkeeper;Jonas Lössl;0.0;0.0;14.8;6.493333333333334;2.0;0.9133333333333333;0.45454545454545453;0.20757575757575755
4.5;Jonathan Castro Otto 483;Defender;Jonathan Castro Otto;0.2;0.06666666666666667;17.4;6.013333333333334;5.0;1.64;1.1111111111111112;0.3644444444444444
4.4;Jonathan Hogg 201;Midfielder;Jonathan Hogg;0.0;0.0;8.8;5.966666666666667;1.2;0.7333333333333333;0.2727272727272727;0.16666666666666663
4.8;Jonathan Walters 81;Midfielder;Jonathan Walters;0.0;0.0;0.0;0.0;0.0;0.0;0.0;0.0
5.4;Jonjo Shelvey 318;Midfielder;Jonjo Shelvey;0.0;0.0;12.8;7.466666666666666;2.4;1.1833333333333331;0.4444444444444444;0.21913580246913575
4.3;Jonjoe Kenny 161;Defender;Jonjoe Kenny;0.0;0.0;12.4;3.663333333333333;2.6;0.8099999999999999;0.6046511627906977;0.1883720930232558
4.8;Jonny Evans 222;Defender;Jonny Evans;0.0;0.0;3.6;0.8699999999999999;0.6;0.13999999999999999;0.125;0.029166666666666664
5.8;Jordan Ayew 505;Forward;Jordan Ayew;0.0;0.0;4.2;1.2366666666666668;2.2;0.6333333333333333;0.37931034482758624;0.10919540229885057
5.3;Jordan Henderson 249;Midfielder;Jordan Henderson;0.0;0.0;13.2;6.303333333333333;2.0;0.8233333333333335;0.37735849056603776;0.15534591194968556
5.0;Jordan Hugill 420;Forward;Jordan Hugill;0.0;0.0;0.0;0.0;0.0;0.0;0.0;0.0
4.9;Jordan Pickford 154;Goalkeeper;Jordan Pickford;0.6;0.6;19.4;12.033333333333335;5.2;3.7399999999999998;1.0612244897959184;0.7632653061224489
5.1;Jordon Ibe 38;Midfielder;Jordon Ibe;0.0;0.0;0.6;0.6;0.2;0.2;0.03921568627450981;0.03921568627450981
5.1;Jorge Luiz Frello Filho 459;Midfielder;Jorge Luiz Frello Filho;0.0;0.0;14.4;7.3;2.4;1.0633333333333332;0.47058823529411764;0.2084967320261438
5.0;Jose Luis Mato Sanmartín 327;Forward;Jose Luis Mato Sanmartín;0.0;0.0;2.4;0.7233333333333334;1.4;0.5633333333333332;0.27999999999999997;0.11266666666666665
5.1;Joseph Gomez 242;Defender;Joseph Gomez;0.0;0.0;19.4;10.106666666666666;3.4;2.0633333333333335;0.6666666666666667;0.40457516339869287
4.8;Josh Murphy 106;Midfielder;Josh Murphy;0.2;0.06666666666666667;8.8;5.75;3.6;2.183333333333333;0.75;0.4548611111111111
6.4;Joshua King 45;Forward;Joshua King;1.0;0.38;20.6;7.243333333333334;6.0;2.3733333333333335;0.9375;0.37083333333333335
4.5;Joshua Sims 342;Midfielder;Joshua Sims;0.0;0.0;0.0;0.0;0.0;0.0;0.0;0.0
5.3;José Diogo Dalot Teixeira 294;Defender;José Diogo Dalot Teixeira;0.0;0.0;0.0;0.0;0.0;0.0;0.0;0.0
5.9;José Heriberto Izquierdo Mena 61;Midfielder;José Heriberto Izquierdo Mena;0.0;0.0;4.4;3.4;1.6;1.3666666666666667;0.2711864406779661;0.23163841807909605
4.8;José Holebas 378;Defender;José Holebas;0.0;0.0;10.8;3.15;0.2;0.016666666666666653;0.04166666666666667;0.0034722222222222194
5.5;João Filipe Iria Santos Moutinho 475;Midfielder;João Filipe Iria Santos Moutinho;0.6;0.15;15.4;6.153333333333333;4.0;1.42;0.7272727272727273;0.2581818181818182
6.2;Juan Mata 297;Midfielder;Juan Mata;0.4;0.2;7.4;3.7833333333333328;2.6;1.3166666666666667;0.41935483870967744;0.21236559139784944
4.0;Julian Speroni 136;Goalkeeper;Julian Speroni;0.0;0.0;0.0;0.0;0.0;0.0;0.0;0.0
4.3;Juninho Bacuna 208;Midfielder;Juninho Bacuna;0.0;0.0;0.0;0.0;0.0;0.0;0.0;0.0
6.0;Junior Stanislas 36;Midfielder;Junior Stanislas;0.6;0.2;6.8;2.6166666666666667;2.4;0.95;0.39999999999999997;0.15833333333333333
5.3;Jürgen Locadia 65;Forward;Jürgen Locadia;0.0;0.0;2.0;1.846666666666667;1.2;0.6833333333333333;0.22641509433962265;0.1289308176100629
4.5;Kadeem Harris 535;Midfielder;Kadeem Harris;0.0;0.0;4.8;4.3;1.4;1.3;0.3111111111111111;0.2888888888888889
4.4;Karl Darlow 308;Goalkeeper;Karl Darlow;0.0;0.0;0.0;0.0;0.0;0.0;0.0;0.0
5.0;Kasper Schmeichel 213;Goalkeeper;Kasper Schmeichel;0.0;0.0;12.6;4.596666666666667;2.0;0.76;0.4;0.152
5.9;Kelechi Iheanacho 236;Forward;Kelechi Iheanacho;0.6;0.15;16.6;5.0;4.6;1.3933333333333333;0.7796610169491525;0.23615819209039546
4.7;Ken Sema 446;Midfielder;Ken Sema;0.0;0.0;0.6;0.15;0.2;0.05;0.0425531914893617;0.010638297872340425
4.7;Kenneth Zohore 107;Forward;Kenneth Zohore;0.0;0.0;0.8;0.25;0.6;0.18333333333333332;0.1276595744680851;0.039007092198581554
5.5;Kepa Arrizabalaga 498;Goalkeeper;Kepa Arrizabalaga;0.2;0.1;19.8;8.916666666666666;4.2;1.6800000000000002;0.7636363636363637;0.3054545454545455
9.7;Kevin De Bruyne 273;Midfielder;Kevin De Bruyne;0.0;0.0;0.6;0.6;0.2;0.2;0.02061855670103093;0.02061855670103093
4.2;Kevin Long 73;Defender;Kevin Long;0.0;0.0;3.0;1.0;0.4;0.13333333333333333;0.09523809523809523;0.031746031746031744
4.4;Kevin McDonald 183;Midfielder;Kevin McDonald;0.0;0.0;7.2;3.4899999999999998;1.0;0.43;0.22727272727272727;0.09772727272727272
5.5;Kevin Mirallas 469;Midfielder;Kevin Mirallas;0.0;0.0;0.0;0.0;0.0;0.0;0.0;0.0
4.5;Kieran Dowell 528;Midfielder;Kieran Dowell;0.0;0.0;0.0;0.0;0.0;0.0;0.0;0.0
6.3;Kieran Trippier 357;Defender;Kieran Trippier;0.6;0.2333333333333333;25.4;12.516666666666667;5.8;2.8733333333333335;0.9206349206349206;0.45608465608465615
4.8;Konstantinos Mavropanos 10;Defender;Konstantinos Mavropanos;0.0;0.0;0.0;0.0;0.0;0.0;0.0;0.0
4.0;Kortney Hause 525;Defender;Kortney Hause;0.0;0.0;0.0;0.0;0.0;0.0;0.0;0.0
5.0;Kurt Zouma 526;Defender;Kurt Zouma;0.6;0.2333333333333333;19.6;10.16;4.4;2.4233333333333333;0.8800000000000001;0.4846666666666667
6.6;Kyle Walker 265;Defender;Kyle Walker;0.2;0.06666666666666667;21.8;6.976666666666667;5.0;1.6066666666666667;0.7575757575757576;0.24343434343434345
4.3;Kyle Walker-Peters 358;Defender;Kyle Walker-Peters;0.0;0.0;0.0;0.0;0.0;0.0;0.0;0.0
5.2;Laurent Depoitre 210;Forward;Laurent Depoitre;0.0;0.0;3.2;1.23;2.0;0.8233333333333335;0.3846153846153846;0.15833333333333335
5.4;Laurent Koscielny 3;Defender;Laurent Koscielny;0.0;0.0;0.0;0.0;0.0;0.0;0.0;0.0
4.4;Leander Dendoncker 519;Midfielder;Leander Dendoncker;0.0;0.0;0.0;0.0;0.0;0.0;0.0;0.0
5.0;Lee Grant 520;Goalkeeper;Lee Grant;0.0;0.0;0.0;0.0;0.0;0.0;0.0;0.0
3.9;Lee Peltier 95;Defender;Lee Peltier;0.0;0.0;1.0;0.25;0.0;0.0;0.0;0.0
5.2;Leighton Baines 156;Defender;Leighton Baines;0.0;0.0;0.0;0.0;0.0;0.0;0.0;0.0
4.3;Leon Balogun 54;Defender;Leon Balogun;0.0;0.0;0.0;0.0;0.0;0.0;0.0;0.0
9.2;Leroy Sané 275;Midfielder;Leroy Sané;0.2;0.04;19.8;8.486666666666668;5.8;2.56;0.6304347826086957;0.2782608695652174
4.8;Lewis Cook 39;Midfielder;Lewis Cook;0.0;0.0;7.0;3.9933333333333336;1.8;1.0733333333333335;0.375;0.22361111111111115
4.4;Lewis Dunk 48;Defender;Lewis Dunk;0.4;0.4;18.2;10.4;3.4;2.3566666666666665;0.7727272727272726;0.5356060606060605
4.9;Loris Karius 238;Goalkeeper;Loris Karius;0.0;0.0;0.0;0.0;0.0;0.0;0.0;0.0
4.4;Loïc Damour 104;Midfielder;Loïc Damour;0.0;0.0;0.6;0.6;0.2;0.2;0.045454545454545456;0.045454545454545456
4.8;Lucas Digne 484;Defender;Lucas Digne;0.0;0.0;18.4;8.613333333333333;3.0;1.8399999999999999;0.625;0.3833333333333333
6.2;Lucas Pérez 502;Forward;Lucas Pérez;0.0;0.0;1.0;0.4;0.4;0.15;0.06451612903225806;0.024193548387096774
7.3;Lucas Rodrigues Moura da Silva 370;Midfielder;Lucas Rodrigues Moura da Silva;0.0;0.0;3.8;2.77;2.8;1.33;0.3835616438356164;0.1821917808219178
4.9;Lucas Torreira 450;Midfielder;Lucas Torreira;0.0;0.0;6.2;2.243333333333333;1.4;0.47333333333333333;0.2857142857142857;0.0965986394557823
5.5;Luciano Vietto 513;Forward;Luciano Vietto;0.4;0.1;10.0;3.853333333333333;3.2;1.1633333333333333;0.5818181818181819;0.21151515151515152
6.1;Luka Milivojevic 150;Midfielder;Luka Milivojevic;0.0;0.0;12.0;3.0266666666666664;1.8;0.4033333333333333;0.2950819672131148;0.06612021857923497
4.5;Lukasz Fabianski 400;Goalkeeper;Lukasz Fabianski;0.6;0.15;18.0;6.906666666666666;4.4;1.5699999999999998;0.9777777777777779;0.34888888888888886
4.4;Luke Amos 523;Midfielder;Luke Amos;0.0;0.0;0.0;0.0;0.0;0.0;0.0;0.0
5.1;Luke Shaw 286;Defender;Luke Shaw;0.0;0.0;12.6;6.75;1.2;0.5166666666666666;0.23529411764705882;0.10130718954248366
5.0;Lys Mousset 44;Forward;Lys Mousset;0.0;0.0;0.0;0.0;0.2;0.04;0.04;0.008
4.0;Maarten Stekelenburg 155;Goalkeeper;Maarten Stekelenburg;0.0;0.0;0.0;0.0;0.0;0.0;0.0;0.0
5.0;Mamadou Sakho 143;Defender;Mamadou Sakho;0.4;0.08;19.2;8.33;3.4;1.02;0.6799999999999999;0.20400000000000001
5.6;Manolo Gabbiadini 349;Forward;Manolo Gabbiadini;0.0;0.0;1.4;0.4;1.0;0.5066666666666666;0.17857142857142858;0.09047619047619047
6.4;Manuel Lanzini 414;Midfielder;Manuel Lanzini;0.0;0.0;0.0;0.0;0.0;0.0;0.0;0.0
5.2;Marc Albrighton 224;Midfielder;Marc Albrighton;0.0;0.0;6.2;1.48;1.8;0.45666666666666667;0.34615384615384615;0.08782051282051281
4.3;Marc Navarro 385;Defender;Marc Navarro;0.0;0.0;1.6;0.5333333333333333;0.2;0.06666666666666667;0.04651162790697675;0.015503875968992248
4.4;Marc Pugh 34;Midfielder;Marc Pugh;0.0;0.0;0.0;0.0;0.0;0.0;0.0;0.0
7.0;Marcos Alonso 115;Defender;Marcos Alonso;0.0;0.0;17.0;6.806666666666667;3.4;1.3133333333333332;0.4857142857142857;0.1876190476190476
4.9;Marcos Rojo 287;Defender;Marcos Rojo;0.0;0.0;0.0;0.0;0.0;0.0;0.0;0.0
4.4;Marcus Bettinelli 178;Goalkeeper;Marcus Bettinelli;0.0;0.0;15.4;6.343333333333334;1.6;0.4033333333333333;0.36363636363636365;0.09166666666666666
6.7;Marcus Rashford 305;Forward;Marcus Rashford;0.0;0.0;7.4;4.3;2.4;1.5333333333333334;0.3582089552238806;0.22885572139303484
5.0;Mario Lemina 344;Midfielder;Mario Lemina;0.0;0.0;10.4;4.133333333333333;1.6;0.7633333333333333;0.32;0.15266666666666667
4.9;Mark Noble 411;Midfielder;Mark Noble;0.0;0.0;13.4;4.83;3.2;1.0833333333333335;0.6530612244897959;0.22108843537414968
7.0;Marko Arnautovic 417;Forward;Marko Arnautovic;0.8;0.18666666666666668;16.6;5.42;4.2;1.2466666666666666;0.6;0.17809523809523808
3.9;Markus Suttner 52;Defender;Markus Suttner;0.0;0.0;0.0;0.0;0.0;0.0;0.0;0.0
5.0;Marouane Fellaini 298;Midfielder;Marouane Fellaini;0.0;0.0;10.4;2.7600000000000002;2.0;0.5333333333333333;0.4;0.10666666666666666
5.0;Martin Dubravka 309;Goalkeeper;Martin Dubravka;0.6;0.15;17.0;7.2700000000000005;3.6;1.3733333333333335;0.72;0.2746666666666667
3.9;Martin Kelly 140;Defender;Martin Kelly;0.0;0.0;0.0;0.0;0.0;0.0;0.0;0.0
4.4;Martín Montoya 503;Defender;Martín Montoya;0.0;0.0;6.0;1.4933333333333334;0.4;0.09;0.09090909090909091;0.02045454545454545
4.3;Marvin Zeegelaar 384;Defender;Marvin Zeegelaar;0.0;0.0;0.0;0.0;0.0;0.0;0.0;0.0
4.5;Mason Holgate 160;Defender;Mason Holgate;0.0;0.0;2.4;0.48;0.2;0.04;0.044444444444444446;0.008888888888888889
5.9;Matej Vydra 495;Forward;Matej Vydra;0.0;0.0;7.6;2.0533333333333332;1.8;0.5233333333333333;0.30508474576271183;0.08870056497175141
5.9;Mateo Kovacic 499;Midfielder;Mateo Kovacic;0.2;0.06666666666666667;11.6;5.213333333333333;2.8;1.1566666666666667;0.47457627118644063;0.196045197740113
4.5;Mathew Ryan 47;Goalkeeper;Mathew Ryan;1.0;0.8;23.0;12.513333333333332;5.2;3.44;1.1555555555555557;0.7644444444444445
4.4;Mathias Jorgensen 195;Defender;Mathias Jorgensen;0.0;0.0;13.2;5.696666666666667;2.2;0.89;0.5;0.20227272727272727
4.8;Matt Doherty 425;Defender;Matt Doherty;1.8;0.62;26.0;10.456666666666667;8.4;3.08;1.7500000000000002;0.6416666666666667
5.9;Matt Ritchie 317;Midfielder;Matt Ritchie;0.0;0.0;7.8;3.2299999999999995;2.0;0.8633333333333333;0.3389830508474576;0.1463276836158192
4.3;Matt Targett 479;Defender;Matt Targett;0.0;0.0;1.6;0.4;0.0;0.0;0.0;0.0
4.6;Matteo Darmian 289;Defender;Matteo Darmian;0.0;0.0;0.0;0.0;0.0;0.0;0.0;0.0
4.5;Matteo Guendouzi 451;Midfielder;Matteo Guendouzi;0.0;0.0;2.6;0.7;0.4;0.13999999999999999;0.08888888888888889;0.031111111111111107
3.9;Matthew Connolly 93;Defender;Matthew Connolly;0.0;0.0;0.0;0.0;0.0;0.0;0.0;0.0
4.8;Matthew Lowton 69;Defender;Matthew Lowton;0.0;0.0;8.4;4.0166666666666675;1.4;0.41666666666666663;0.2916666666666667;0.08680555555555555
4.4;Matty James 229;Midfielder;Matty James;0.0;0.0;0.0;0.0;0.0;0.0;0.0;0.0
5.7;Max Meyer 486;Midfielder;Max Meyer;0.0;0.0;4.8;1.5833333333333335;0.8;0.2833333333333333;0.14035087719298245;0.049707602339181284
4.3;Maxime Le Marchand 455;Defender;Maxime Le Marchand;0.0;0.0;5.0;3.2;0.0;0.0;0.0;0.0
4.2;Maya Yoshida 331;Defender;Maya Yoshida;0.0;0.0;3.4;1.7;0.2;0.1;0.047619047619047616;0.023809523809523808
8.3;Mesut Özil 13;Midfielder;Mesut Özil;1.0;0.2533333333333333;14.6;3.766666666666667;4.6;1.2166666666666668;0.5542168674698794;0.1465863453815261
4.9;Michael Keane 162;Defender;Michael Keane;0.8;0.5333333333333333;17.8;11.4;4.4;2.9833333333333334;0.8979591836734694;0.608843537414966
6.8;Michail Antonio 415;Midfielder;Michail Antonio;0.0;0.0;3.0;1.53;1.4;0.5566666666666666;0.20588235294117646;0.08186274509803922
4.9;Michel Vorm 352;Goalkeeper;Michel Vorm;0.2;0.04;5.2;1.04;0.8;0.16;0.16326530612244897;0.03265306122448979
4.4;Miguel Britos 379;Defender;Miguel Britos;0.0;0.0;0.0;0.0;0.0;0.0;0.0;0.0
5.0;Mikel Merino 322;Midfielder;Mikel Merino;0.0;0.0;0.0;0.0;0.0;0.0;0.0;0.0
5.0;Mohamed Diamé 319;Midfielder;Mohamed Diamé;0.0;0.0;3.6;2.4433333333333334;2.0;0.8633333333333333;0.4;0.17266666666666666
4.3;Mohamed Elneny 16;Midfielder;Mohamed Elneny;0.0;0.0;0.0;0.0;0.0;0.0;0.0;0.0
6.3;Mohamed Elyounoussi 346;Midfielder;Mohamed Elyounoussi;0.0;0.0;5.0;2.52;1.6;0.8800000000000001;0.253968253968254;0.1396825396825397
12.8;Mohamed Salah 253;Midfielder;Mohamed Salah;0.0;0.0;12.0;7.013333333333333;4.6;2.513333333333333;0.35937499999999994;0.19635416666666664
4.4;Morgan Gibbs-White 448;Midfielder;Morgan Gibbs-White;0.0;0.0;1.4;0.32;0.4;0.09;0.09090909090909091;0.02045454545454545
4.4;Morgan Schneiderlin 167;Midfielder;Morgan Schneiderlin;0.0;0.0;2.6;0.78;0.6;0.20666666666666664;0.13636363636363635;0.04696969696969696
4.9;Mousa Dembélé 362;Midfielder;Mousa Dembélé;0.0;0.0;6.0;1.6633333333333333;1.0;0.4066666666666666;0.2040816326530612;0.08299319727891155
4.9;Moussa Sissoko 369;Midfielder;Moussa Sissoko;0.4;0.4;9.8;7.6;2.4;1.9666666666666668;0.48979591836734687;0.4013605442176871
4.9;N'Golo Kanté 126;Midfielder;N'Golo Kanté;0.0;0.0;12.4;6.1433333333333335;2.2;1.0133333333333332;0.4489795918367347;0.20680272108843534
7.2;Naby Keita 256;Midfielder;Naby Keita;0.0;0.0;3.0;1.1099999999999999;1.6;0.5366666666666667;0.22222222222222224;0.07453703703703704
5.5;Nacho Monreal 5;Defender;Nacho Monreal;0.0;0.0;14.8;4.946666666666667;3.8;1.28;0.6909090909090909;0.23272727272727273
4.5;Nahki Wells 86;Forward;Nahki Wells;0.0;0.0;0.0;0.0;0.0;0.0;0.0;0.0
4.5;Nampalys Mendy 527;Midfielder;Nampalys Mendy;0.0;0.0;12.8;3.793333333333334;2.4;0.73;0.5333333333333333;0.1622222222222222
5.0;Nathan Aké 31;Defender;Nathan Aké;0.0;0.0;19.6;10.51;3.0;1.9733333333333334;0.6;0.39466666666666667
5.3;Nathan Redmond 343;Midfielder;Nathan Redmond;0.0;0.0;9.4;3.586666666666667;2.2;1.1133333333333333;0.4150943396226416;0.21006289308176102
4.5;Nathaniel Chalobah 387;Midfielder;Nathaniel Chalobah;0.0;0.0;0.0;0.0;0.0;0.0;0.0;0.0
4.6;Nathaniel Clyne 241;Defender;Nathaniel Clyne;0.0;0.0;0.0;0.0;0.0;0.0;0.0;0.0
4.8;Nathaniel Mendez-Laing 100;Midfielder;Nathaniel Mendez-Laing;0.0;0.0;0.0;0.0;0.0;0.0;0.0;0.0
4.4;Neeskens Kebano 187;Midfielder;Neeskens Kebano;0.0;0.0;0.0;0.0;0.0;0.0;0.0;0.0
4.6;Neil Etheridge 88;Goalkeeper;Neil Etheridge;0.0;0.0;14.0;6.193333333333333;1.4;0.6566666666666666;0.30434782608695654;0.1427536231884058
5.0;Nemanja Matic 296;Midfielder;Nemanja Matic;0.0;0.0;10.0;5.426666666666667;0.8;0.49333333333333335;0.16;0.09866666666666667
4.9;Nick Pope 68;Goalkeeper;Nick Pope;0.0;0.0;0.0;0.0;0.0;0.0;0.0;0.0
6.1;Nicolás Otamendi 264;Defender;Nicolás Otamendi;0.0;0.0;16.8;4.32;3.6;0.9400000000000001;0.5901639344262296;0.15409836065573773
5.0;Nikola Vlasic 173;Midfielder;Nikola Vlasic;0.0;0.0;0.0;0.0;0.0;0.0;0.0;0.0
4.8;Oleksandr Zinchenko 279;Midfielder;Oleksandr Zinchenko;0.0;0.0;3.8;1.2666666666666666;0.6;0.2;0.125;0.04166666666666667
4.5;Oliver Skipp 540;Midfielder;Oliver Skipp;0.0;0.0;0.0;0.0;0.0;0.0;0.0;0.0
7.8;Olivier Giroud 133;Forward;Olivier Giroud;0.4;0.08;12.6;4.279999999999999;4.0;1.3333333333333333;0.5128205128205129;0.17094017094017094
4.5;Omar Bogle 108;Forward;Omar Bogle;0.0;0.0;0.0;0.0;0.0;0.0;0.0;0.0
4.3;Oriol Romeu Vidal 339;Midfielder;Oriol Romeu Vidal;0.0;0.0;0.4;0.05;0.0;0.0;0.0;0.0
5.1;Oumar Niasse 176;Forward;Oumar Niasse;0.0;0.0;-1.0;-0.2;0.2;0.04;0.03921568627450981;0.00784313725490196
4.3;Pablo Zabaleta 405;Defender;Pablo Zabaleta;0.8;0.25;18.0;7.543333333333334;4.0;1.5233333333333332;0.9302325581395349;0.35426356589147284
4.3;Pape Souaré 443;Defender;Pape Souaré;0.0;0.0;0.0;0.0;0.0;0.0;0.0;0.0
6.7;Pascal Groß 59;Midfielder;Pascal Groß;0.0;0.0;0.0;0.0;0.0;0.0;0.0;0.0
5.5;Patrick van Aanholt 142;Defender;Patrick van Aanholt;0.6;0.2;19.2;8.036666666666667;4.8;1.5066666666666666;0.8727272727272727;0.2739393939393939
4.4;Paul Dummett 313;Defender;Paul Dummett;0.0;0.0;10.6;4.95;1.8;0.74;0.40909090909090906;0.16818181818181815
8.1;Paul Pogba 302;Midfielder;Paul Pogba;0.0;0.0;15.2;7.140000000000001;3.0;1.2633333333333332;0.3703703703703704;0.1559670781893004
4.5;Paulo Gazzaniga 536;Goalkeeper;Paulo Gazzaniga;0.0;0.0;9.6;2.8833333333333333;2.0;0.6166666666666667;0.4444444444444444;0.13703703703703704
4.4;Pedro Obiang 413;Midfielder;Pedro Obiang;0.2;0.04;9.4;2.6533333333333333;2.4;0.6233333333333333;0.5454545454545454;0.14166666666666664
6.4;Pedro Rodríguez Ledesma 125;Midfielder;Pedro Rodríguez Ledesma;0.0;0.0;2.2;1.26;0.8;0.38;0.125;0.059375
5.0;Petr Cech 1;Goalkeeper;Petr Cech;0.6;0.15;11.0;2.7199999999999998;2.8;0.6966666666666667;0.5599999999999999;0.13933333333333334
4.3;Phil Bardsley 75;Defender;Phil Bardsley;0.0;0.0;0.4;0.08;0.2;0.04;0.04651162790697675;0.009302325581395349
4.7;Phil Foden 277;Midfielder;Phil Foden;0.0;0.0;2.0;1.45;0.6;0.31666666666666665;0.1276595744680851;0.0673758865248227
4.3;Phil Jagielka 158;Defender;Phil Jagielka;0.0;0.0;0.0;0.0;0.0;0.0;0.0;0.0
5.2;Phil Jones 285;Defender;Phil Jones;0.0;0.0;0.0;0.0;0.0;0.0;0.0;0.0
4.5;Philip Billing 202;Midfielder;Philip Billing;0.0;0.0;11.0;4.25;1.8;0.8466666666666667;0.4;0.18814814814814815
10.7;Pierre-Emerick Aubameyang 23;Forward;Pierre-Emerick Aubameyang;0.8;0.35;22.8;8.78;5.8;2.183333333333333;0.5420560747663552;0.20404984423676012
4.5;Pierre-Emile Højbjerg 340;Midfielder;Pierre-Emile Højbjerg;0.6;0.12;20.0;7.886666666666668;3.6;1.3333333333333333;0.8;0.2962962962962963
4.4;Pontus Dahlberg 374;Goalkeeper;Pontus Dahlberg;0.0;0.0;0.0;0.0;0.0;0.0;0.0;0.0
5.3;Rachid Ghezzal 492;Midfielder;Rachid Ghezzal;0.0;0.0;2.4;0.82;0.6;0.18;0.11320754716981132;0.033962264150943396
4.5;Rafa Mir 449;Forward;Rafa Mir;0.0;0.0;0.0;0.0;0.0;0.0;0.0;0.0
4.4;Ragnar Klavan 244;Defender;Ragnar Klavan;0.0;0.0;0.0;0.0;0.0;0.0;0.0;0.0
11.2;Raheem Sterling 270;Midfielder;Raheem Sterling;0.6;0.2;21.4;6.13;6.2;1.8533333333333335;0.5535714285714286;0.1654761904761905
4.8;Rajiv van La Parra 200;Midfielder;Rajiv van La Parra;0.0;0.0;0.6;0.010000000000000009;1.0;0.27999999999999997;0.20833333333333334;0.05833333333333333
4.8;Ramadan Sobhi 207;Midfielder;Ramadan Sobhi;0.0;0.0;0.0;0.0;0.0;0.0;0.0;0.0
5.7;Raúl Jiménez 437;Forward;Raúl Jiménez;0.4;0.08;14.0;4.033333333333333;4.8;1.603333333333333;0.8421052631578947;0.2812865497076023
4.3;Reece Oxford 407;Defender;Reece Oxford;0.0;0.0;0.0;0.0;0.0;0.0;0.0;0.0
4.4;Reiss Nelson 19;Midfielder;Reiss Nelson;0.0;0.0;0.0;0.0;0.0;0.0;0.0;0.0
5.1;Ricardo Domingos Barbosa Pereira 221;Defender;Ricardo Domingos Barbosa Pereira;0.0;0.0;12.0;4.286666666666667;3.2;1.22;0.627450980392157;0.23921568627450981
6.8;Richarlison de Andrade 393;Midfielder;Richarlison de Andrade;0.0;0.0;7.6;3.65;3.0;1.6;0.4411764705882353;0.23529411764705885
8.6;Riyad Mahrez 223;Midfielder;Riyad Mahrez;0.6;0.45;16.8;10.116666666666667;5.0;2.8066666666666666;0.5813953488372093;0.3263565891472868
4.4;Rob Holding 6;Defender;Rob Holding;0.6;0.2;11.0;4.0166666666666675;2.4;0.85;0.5454545454545454;0.19318181818181815
5.4;Robbie Brady 79;Midfielder;Robbie Brady;0.0;0.0;0.0;0.0;0.0;0.0;0.0;0.0
4.4;Robert Elliot 307;Goalkeeper;Robert Elliot;0.0;0.0;0.0;0.0;0.0;0.0;0.0;0.0
4.9;Robert Kenedy Nunes do Nascimento 458;Midfielder;Robert Kenedy Nunes do Nascimento;0.0;0.0;10.4;5.013333333333334;3.2;1.5233333333333334;0.6530612244897959;0.3108843537414966
5.3;Robert Snodgrass 489;Midfielder;Robert Snodgrass;0.0;0.0;1.8;1.3;0.4;0.26666666666666666;0.07547169811320756;0.050314465408805034
9.3;Roberto Firmino 257;Forward;Roberto Firmino;0.6;0.12;13.0;3.41;3.2;0.9933333333333334;0.3440860215053763;0.10681003584229391
6.2;Roberto Pereyra 391;Midfielder;Roberto Pereyra;0.0;0.0;11.4;7.596666666666667;3.2;2.1133333333333333;0.5161290322580645;0.3408602150537634
4.0;Roderick Jefferson Gonçalves Miranda 429;Defender;Roderick Jefferson Gonçalves Miranda;0.0;0.0;0.0;0.0;0.0;0.0;0.0;0.0
4.2;Romain Saïss 426;Defender;Romain Saïss;0.0;0.0;1.4;0.45;0.4;0.15;0.09523809523809523;0.03571428571428571
10.9;Romelu Lukaku 306;Forward;Romelu Lukaku;0.0;0.0;7.6;2.35;2.8;1.0733333333333335;0.2568807339449541;0.09847094801223243
5.7;Ross Barkley 127;Midfielder;Ross Barkley;0.4;0.2;14.4;8.486666666666668;4.4;2.6566666666666667;0.7719298245614036;0.46608187134502926
5.2;Ruben Loftus-Cheek 132;Midfielder;Ruben Loftus-Cheek;0.0;0.0;0.0;0.0;0.0;0.0;0.0;0.0
4.4;Rui Pedro da Rocha Fonte 188;Midfielder;Rui Pedro da Rocha Fonte;0.0;0.0;0.0;0.0;0.0;0.0;0.0;0.0
4.6;Rui Pedro dos Santos Patrício 454;Goalkeeper;Rui Pedro dos Santos Patrício;0.8;0.3333333333333333;22.4;8.636666666666667;5.8;2.1566666666666667;1.2608695652173914;0.468840579710145
4.2;Ryan Bennett 427;Defender;Ryan Bennett;0.2;0.1;17.6;6.723333333333334;4.2;1.44;1.0;0.3428571428571428
4.9;Ryan Bertrand 330;Defender;Ryan Bertrand;0.0;0.0;9.8;5.683333333333333;1.4;1.09;0.2857142857142857;0.22244897959183674
6.0;Ryan Fraser 40;Midfielder;Ryan Fraser;0.6;0.12;23.0;7.790000000000001;6.0;2.086666666666667;1.0;0.3477777777777778
4.7;Ryan Fredericks 408;Defender;Ryan Fredericks;0.0;0.0;0.0;0.0;0.0;0.0;0.0;0.0
4.0;Ryan Schofield 533;Goalkeeper;Ryan Schofield;0.0;0.0;0.0;0.0;0.0;0.0;0.0;0.0
6.1;Ryan Sessegnon 184;Midfielder;Ryan Sessegnon;0.2;0.2;14.6;8.816666666666666;3.2;2.1133333333333333;0.5245901639344263;0.346448087431694
5.1;Rúben Diogo da Silva Neves 433;Midfielder;Rúben Diogo da Silva Neves;0.0;0.0;11.0;4.55;2.0;0.8300000000000001;0.3921568627450981;0.16274509803921572
4.3;Rúben Gonçalo Silva Nascimento Vinagre 431;Defender;Rúben Gonçalo Silva Nascimento Vinagre;0.0;0.0;1.0;1.0;0.2;0.2;0.04651162790697675;0.04651162790697675
9.8;Sadio Mané 251;Midfielder;Sadio Mané;0.0;0.0;3.2;0.9466666666666667;1.8;0.5966666666666667;0.18367346938775508;0.060884353741496595
5.8;Salomón Rondón 493;Forward;Salomón Rondón;0.0;0.0;0.0;0.0;0.2;0.05;0.034482758620689655;0.008620689655172414
4.5;Sam Baldock 64;Forward;Sam Baldock;0.0;0.0;0.0;0.0;0.0;0.0;0.0;0.0
4.5;Sam Byram 404;Defender;Sam Byram;0.0;0.0;0.0;0.0;0.0;0.0;0.0;0.0
4.0;Sam McQueen 334;Defender;Sam McQueen;0.0;0.0;0.0;0.0;0.0;0.0;0.0;0.0
5.3;Sam Vokes 84;Forward;Sam Vokes;1.0;0.4333333333333333;14.4;5.903333333333333;4.6;2.013333333333333;0.8679245283018867;0.37987421383647796
5.4;Sandro Ramírez 470;Forward;Sandro Ramírez;0.0;0.0;0.0;0.0;0.0;0.0;0.0;0.0
4.4;Scott Dann 139;Defender;Scott Dann;0.0;0.0;0.0;0.0;0.0;0.0;0.0;0.0
4.0;Scott Malone 196;Defender;Scott Malone;0.0;0.0;0.0;0.0;0.0;0.0;0.0;0.0
4.3;Scott McTominay 303;Midfielder;Scott McTominay;0.0;0.0;4.8;1.7866666666666666;0.8;0.2733333333333333;0.186046511627907;0.06356589147286822
4.9;Sead Kolasinac 8;Defender;Sead Kolasinac;0.0;0.0;0.0;0.0;0.0;0.0;0.0;0.0
5.2;Seamus Coleman 157;Defender;Seamus Coleman;0.0;0.0;3.6;3.6;1.0;1.0;0.1923076923076923;0.1923076923076923
4.5;Sean Longstaff 531;Midfielder;Sean Longstaff;0.0;0.0;0.0;0.0;0.0;0.0;0.0;0.0
4.9;Sean Morrison 90;Defender;Sean Morrison;0.0;0.0;10.6;3.0733333333333333;1.2;0.38666666666666666;0.24489795918367344;0.07891156462585033
4.2;Sebastian Prödl 377;Defender;Sebastian Prödl;0.0;0.0;0.4;0.4;0.2;0.2;0.047619047619047616;0.047619047619047616
5.8;Serge Aurier 360;Defender;Serge Aurier;0.0;0.0;0.0;0.0;0.0;0.0;0.0;0.0
11.3;Sergio Agüero 280;Forward;Sergio Agüero;0.4;0.13333333333333333;22.2;9.059999999999999;5.6;2.413333333333333;0.495575221238938;0.21356932153392327
4.4;Sergio Rico 509;Goalkeeper;Sergio Rico;0.0;0.0;0.0;0.0;0.0;0.0;0.0;0.0
5.0;Sergio Romero 283;Goalkeeper;Sergio Romero;0.0;0.0;0.0;0.0;0.0;0.0;0.0;0.0
4.5;Shane Duffy 49;Defender;Shane Duffy;0.6;0.27999999999999997;21.6;10.483333333333333;5.6;2.58;1.2444444444444445;0.5733333333333334
4.8;Shane Long 347;Forward;Shane Long;0.0;0.0;3.6;2.3600000000000003;1.2;0.48;0.25;0.1
5.3;Shinji Okazaki 235;Forward;Shinji Okazaki;0.0;0.0;1.2;0.45;0.4;0.15;0.07547169811320756;0.02830188679245283
5.4;Shkodran Mustafi 7;Defender;Shkodran Mustafi;0.0;0.0;14.6;4.38;3.0;0.9133333333333333;0.5555555555555555;0.1691358024691358
4.4;Simon Francis 26;Defender;Simon Francis;0.0;0.0;15.4;8.626666666666667;2.8;1.9333333333333331;0.6363636363636362;0.43939393939393934
4.8;Simon Mignolet 237;Goalkeeper;Simon Mignolet;0.0;0.0;0.0;0.0;0.0;0.0;0.0;0.0
5.5;Sofiane Boufal 341;Midfielder;Sofiane Boufal;0.0;0.0;0.0;0.0;0.0;0.0;0.0;0.0
5.2;Sokratis Papastathopoulos 12;Defender;Sokratis Papastathopoulos;0.0;0.0;2.4;0.47000000000000003;0.4;0.08;0.07692307692307693;0.015384615384615384
4.5;Sol Bamba 91;Defender;Sol Bamba;0.0;0.0;14.2;8.066666666666666;2.4;1.1066666666666667;0.5333333333333333;0.24592592592592594
5.0;Solomon March 58;Midfielder;Solomon March;0.0;0.0;5.4;2.25;2.4;1.2133333333333334;0.48;0.24266666666666667
5.2;Stefan Johansen 185;Midfielder;Stefan Johansen;0.0;0.0;5.8;2.44;1.2;0.48;0.23076923076923075;0.0923076923076923
5.0;Stefano Okaka 397;Forward;Stefano Okaka;0.0;0.0;0.0;0.0;0.0;0.0;0.0;0.0
4.6;Stephan Lichtsteiner 11;Defender;Stephan Lichtsteiner;0.0;0.0;0.0;0.0;0.0;0.0;0.0;0.0
4.8;Stephen Ward 71;Defender;Stephen Ward;0.0;0.0;0.0;0.0;0.0;0.0;0.0;0.0
4.6;Steve Cook 27;Defender;Steve Cook;0.0;0.0;20.6;10.843333333333334;3.0;1.9733333333333334;0.6521739130434783;0.42898550724637685
5.8;Steve Mounie 211;Forward;Steve Mounie;0.0;0.0;-0.4;-0.31333333333333335;1.0;0.44666666666666666;0.1724137931034483;0.07701149425287357
4.7;Steven Davis 337;Midfielder;Steven Davis;0.0;0.0;0.6;0.12;0.2;0.04;0.0425531914893617;0.00851063829787234
5.4;Steven Defour 77;Midfielder;Steven Defour;0.0;0.0;3.0;3.0;0.4;0.4;0.07407407407407407;0.07407407407407407
5.1;Stuart Armstrong 345;Midfielder;Stuart Armstrong;0.0;0.0;1.2;0.4666666666666666;0.6;0.31666666666666665;0.11764705882352941;0.06209150326797386
4.4;Sullay Kaikai 477;Midfielder;Sullay Kaikai;0.0;0.0;0.0;0.0;0.0;0.0;0.0;0.0
4.7;Sung-yueng Ki 324;Midfielder;Sung-yueng Ki;0.0;0.0;0.0;0.0;0.0;0.0;0.0;0.0
5.4;Tammy Abraham 496;Forward;Tammy Abraham;0.0;0.0;0.0;0.0;0.0;0.0;0.0;0.0
4.4;Terence Kongolo 198;Defender;Terence Kongolo;0.0;0.0;4.6;1.03;0.6;0.14666666666666667;0.13636363636363635;0.03333333333333333
6.5;Theo Walcott 164;Midfielder;Theo Walcott;0.0;0.0;9.8;4.39;3.0;1.3800000000000001;0.46153846153846156;0.21230769230769234
5.5;Thibaut Courtois 111;Goalkeeper;Thibaut Courtois;0.0;0.0;0.0;0.0;0.0;0.0;0.0;0.0
4.9;Tiemoué Bakayoko 129;Midfielder;Tiemoué Bakayoko;0.0;0.0;0.0;0.0;0.0;0.0;0.0;0.0
4.3;Tim Ream 180;Defender;Tim Ream;0.0;0.0;6.4;4.0;0.2;0.06666666666666667;0.04651162790697675;0.015503875968992248
4.5;Timothy Fosu-Mensah 511;Defender;Timothy Fosu-Mensah;0.0;0.0;2.2;0.5833333333333333;0.4;0.11666666666666665;0.08888888888888889;0.02592592592592592
5.9;Toby Alderweireld 353;Defender;Toby Alderweireld;0.2;0.2;22.0;11.073333333333334;4.2;2.44;0.711864406779661;0.4135593220338983
4.8;Tom Cairney 182;Midfielder;Tom Cairney;0.0;0.0;0.8;0.26666666666666666;0.2;0.06666666666666667;0.04166666666666667;0.01388888888888889
5.0;Tom Cleverley 388;Midfielder;Tom Cleverley;0.0;0.0;0.0;0.0;0.0;0.0;0.0;0.0
5.3;Tom Davies 169;Midfielder;Tom Davies;0.0;0.0;5.6;1.9166666666666667;1.2;0.4;0.22641509433962265;0.07547169811320756
4.9;Tom Heaton 67;Goalkeeper;Tom Heaton;0.0;0.0;0.0;0.0;0.0;0.0;0.0;0.0
5.0;Tom Ince 203;Midfielder;Tom Ince;0.0;0.0;0.0;0.0;0.0;0.0;0.0;0.0
4.9;Tomer Hemed 63;Forward;Tomer Hemed;0.0;0.0;0.0;0.0;0.0;0.0;0.0;0.0
4.4;Tommy Smith 194;Defender;Tommy Smith;0.0;0.0;0.0;0.0;0.0;0.0;0.0;0.0
5.2;Trent Alexander-Arnold 245;Defender;Trent Alexander-Arnold;0.4;0.1;12.8;3.206666666666666;3.8;0.9233333333333335;0.7307692307692307;0.17756410256410257
6.0;Troy Deeney 396;Forward;Troy Deeney;0.0;0.0;5.6;1.7866666666666666;1.4;0.44666666666666666;0.2333333333333333;0.07444444444444444
4.0;Tyias Browning 532;Defender;Tyias Browning;0.0;0.0;0.0;0.0;0.0;0.0;0.0;0.0
4.3;Tyrone Mings 30;Defender;Tyrone Mings;0.0;0.0;0.0;0.0;0.0;0.0;0.0;0.0
4.3;Vicente Guaita 137;Goalkeeper;Vicente Guaita;0.0;0.0;0.0;0.0;0.0;0.0;0.0;0.0
4.7;Vicente Iborra 228;Midfielder;Vicente Iborra;0.0;0.0;0.6;0.2;0.2;0.06666666666666667;0.0425531914893617;0.014184397163120567
4.8;Victor Lindelöf 292;Defender;Victor Lindelöf;0.0;0.0;8.8;4.426666666666667;0.6;0.24666666666666667;0.125;0.051388888888888894
5.7;Victor Moses 117;Defender;Victor Moses;0.0;0.0;0.2;0.06666666666666667;0.2;0.06666666666666667;0.03508771929824561;0.011695906432748537
4.9;Victor Wanyama 366;Midfielder;Victor Wanyama;0.0;0.0;2.2;0.78;0.6;0.20666666666666664;0.12244897959183672;0.04217687074829931
5.2;Vincent Kompany 263;Defender;Vincent Kompany;0.0;0.0;5.2;5.2;1.0;1.0;0.1923076923076923;0.1923076923076923
5.9;Virgil van Dijk 246;Defender;Virgil van Dijk;0.4;0.4;18.4;10.23;3.8;2.4633333333333334;0.6440677966101694;0.4175141242937853
4.5;Víctor Camarasa 504;Midfielder;Víctor Camarasa;0.4;0.4;14.0;8.933333333333334;3.0;1.9133333333333333;0.6666666666666666;0.42518518518518517
4.6;Wayne Hennessey 135;Goalkeeper;Wayne Hennessey;0.2;0.05;17.4;6.593333333333334;3.8;1.1733333333333333;0.8260869565217391;0.255072463768116
4.5;Wes Morgan 215;Defender;Wes Morgan;0.2;0.06666666666666667;6.0;1.9533333333333331;0.4;0.14666666666666667;0.08888888888888889;0.03259259259259259
4.4;Wesley Hoedt 336;Defender;Wesley Hoedt;0.4;0.4;15.8;9.303333333333333;2.0;1.7566666666666666;0.45454545454545453;0.3992424242424242
4.9;Wilfred Ndidi 227;Midfielder;Wilfred Ndidi;0.0;0.0;13.6;4.593333333333334;1.6;0.53;0.32653061224489793;0.10816326530612244
6.9;Wilfried Zaha 151;Forward;Wilfried Zaha;0.6;0.14666666666666667;12.0;3.1966666666666668;3.8;1.3800000000000001;0.5507246376811593;0.2
5.0;Will Hughes 392;Midfielder;Will Hughes;0.0;0.0;10.4;3.103333333333333;2.6;1.0133333333333332;0.52;0.20266666666666663
4.0;Will Norris 422;Goalkeeper;Will Norris;0.0;0.0;0.0;0.0;0.0;0.0;0.0;0.0
7.4;Willian Borges Da Silva 124;Midfielder;Willian Borges Da Silva;0.4;0.24;22.0;10.463333333333333;5.0;2.25;0.6756756756756757;0.30405405405405406
4.6;Willy Boly 423;Defender;Willy Boly;0.2;0.04;18.8;7.803333333333333;4.4;1.58;0.9565217391304349;0.34347826086956523
4.8;Willy Caballero 112;Goalkeeper;Willy Caballero;0.0;0.0;0.0;0.0;0.0;0.0;0.0;0.0
4.4;Winston Reid 401;Defender;Winston Reid;0.0;0.0;0.0;0.0;0.0;0.0;0.0;0.0
7.0;Xherdan Shaqiri 462;Midfielder;Xherdan Shaqiri;0.0;0.0;9.8;5.716666666666667;3.4;1.8166666666666664;0.4857142857142857;0.2595238095238095
5.8;Yannick Bolasie 165;Midfielder;Yannick Bolasie;0.0;0.0;0.0;0.0;0.0;0.0;0.0;0.0
5.4;Yerry Mina 506;Defender;Yerry Mina;0.0;0.0;0.0;0.0;0.0;0.0;0.0;0.0
3.9;Yohan Benalouane 218;Defender;Yohan Benalouane;0.0;0.0;0.0;0.0;0.0;0.0;0.0;0.0
5.7;Yoshinori Muto 488;Forward;Yoshinori Muto;0.0;0.0;5.8;2.7199999999999998;2.2;1.1566666666666667;0.3859649122807018;0.20292397660818715
4.3;Younes Kaboul 375;Defender;Younes Kaboul;0.0;0.0;0.0;0.0;0.0;0.0;0.0;0.0
4.8;Yves Bissouma 466;Midfielder;Yves Bissouma;0.0;0.0;3.2;1.0133333333333332;1.4;0.5633333333333332;0.2916666666666667;0.1173611111111111
4.0;Zeze Steven Sessegnon 541;Defender;Zeze Steven Sessegnon;0.0;0.0;0.0;0.0;0.0;0.0;0.0;0.0
8.7;Álvaro Morata 134;Forward;Álvaro Morata;0.0;0.0;5.4;3.266666666666667;1.8;1.0166666666666666;0.20689655172413796;0.11685823754789272
;Aaron Cresswell;;;0.0;0.0;2.5;0.4166666666666667;0.25;0.041666666666666664;;
;Aaron Lennon;;;0.0;0.0;4.0;0.5178571428571428;2.25;0.3005952380952381;;
;Aaron Mooy;;;0.0;0.0;13.5;1.8630952380952381;1.75;0.246031746031746;;
;Aaron Ramsey;;;0.0;0.0;9.75;1.4176587301587302;1.5;0.2137896825396825;;
;Aaron Wan-Bissaka;;;0.75;0.08333333333333333;13.25;1.6909722222222223;2.5;0.2708333333333333;;
;Abdelhamid Sabiri;;;0.0;0.0;0.75;0.09375;0.25;0.03125;;
;Abdoulaye Doucouré;;;0.25;0.03125;16.0;2.0962301587301586;2.75;0.34226190476190477;;
;Aboubakar Kamara;;;0.0;0.0;3.5;0.4305555555555556;0.75;0.09027777777777778;;
;Adam Lallana;;;0.0;0.0;0.5;0.0625;0.25;0.03125;;
;Adam Masina;;;0.0;0.0;0.0;0.0;0.0;0.0;;
;Adam Smith;;;0.0;0.0;14.0;1.7748015873015872;2.0;0.24107142857142855;;
;Adama Diakhaby;;;0.0;0.0;2.5;0.3561507936507936;1.5;0.20783730158730157;;
;Adama Traoré;;;0.5;0.08333333333333333;11.75;1.7961309523809526;2.5;0.400297619047619;;
;Ademola Lookman;;;0.0;0.0;0.25;0.041666666666666664;0.25;0.041666666666666664;;
;Adrian Mariappa;;;0.0;0.0;0.75;0.125;0.25;0.041666666666666664;;
;Adrien Sebastian Perruchet Silva;;;0.0;0.0;4.0;0.4548611111111111;0.75;0.08680555555555555;;
;Adrián San Miguel del Castillo;;;0.0;0.0;0.0;0.0;0.0;0.0;;
;Ainsley Maitland-Niles;;;0.0;0.0;1.75;0.19444444444444445;0.25;0.027777777777777776;;
;Alberto Moreno;;;0.0;0.0;0.0;0.0;0.0;0.0;;
;Aleksandar Mitrovic;;;0.75;0.10714285714285714;26.75;3.825892857142857;7.25;1.0228174603174602;;
;Alex Iwobi;;;0.0;0.0;11.5;1.5089285714285714;2.75;0.36160714285714285;;
;Alex McCarthy;;;0.75;0.08333333333333333;25.0;3.4027777777777777;5.75;0.7728174603174602;;
;Alex Oxlade-Chamberlain;;;0.0;0.0;0.0;0.0;0.0;0.0;;
;Alex Pritchard;;;0.0;0.0;1.75;0.21180555555555555;0.75;0.09027777777777778;;
;Alex Smithies;;;0.0;0.0;0.0;0.0;0.0;0.0;;
;Alexander Sørloth;;;0.0;0.0;3.75;0.5262896825396826;1.0;0.13640873015873015;;
;Alexandre Lacazette;;;0.75;0.125;13.0;2.1240079365079363;4.5;0.7018849206349207;;
;Alexis Sánchez;;;0.0;0.0;11.0;1.5277777777777777;2.75;0.3829365079365079;;
;Alfie Mawson;;;0.0;0.0;4.5;0.75;0.25;0.041666666666666664;;
;Alireza Jahanbakhsh;;;0.0;0.0;2.0;0.26785714285714285;0.75;0.10515873015873015;;
;Alisson Ramses Becker;;;0.25;0.027777777777777776;23.75;3.128968253968254;5.5;0.7212301587301587;;
;Ander Herrera;;;0.0;0.0;0.75;0.11904761904761904;0.25;0.041666666666666664;;
;Anders Lindegaard;;;0.0;0.0;0.0;0.0;0.0;0.0;;
;Andre Gray;;;0.0;0.0;8.0;1.0109126984126984;3.0;0.3978174603174603;;
;Andreas Christensen;;;0.0;0.0;0.0;0.0;0.0;0.0;;
;Andreas Pereira;;;0.0;0.0;5.25;0.6111111111111112;0.5;0.059027777777777776;;
;Andrew Robertson;;;1.5;0.19394841269841268;32.75;4.315972222222222;8.0;1.0540674603174602;;
;Andrew Surman;;;0.0;0.0;9.25;1.1865079365079365;1.75;0.21726190476190474;;
;Andriy Yarmolenko;;;0.0;0.0;2.0;0.27976190476190477;0.75;0.10515873015873015;;
;Andros Townsend;;;0.0;0.0;10.0;1.3764880952380953;2.25;0.3005952380952381;;
;André Filipe Tavares Gomes;;;0.0;0.0;0.0;0.0;0.0;0.0;;
;André Schürrle;;;0.0;0.0;16.0;2.3769841269841265;4.0;0.5927579365079365;;
;André-Frank Zambo Anguissa;;;0.0;0.0;8.0;1.1577380952380953;1.25;0.18154761904761904;;
;Andy Carroll;;;0.0;0.0;0.0;0.0;0.0;0.0;;
;Angelo Ogbonna;;;0.0;0.0;6.5;0.7569444444444444;0.0;0.0;;
;Angus Gunn;;;0.0;0.0;0.0;0.0;0.0;0.0;;
;Anthony Knockaert;;;0.25;0.041666666666666664;13.25;1.9771825396825398;3.75;0.533234126984127;;
;Anthony Martial;;;0.0;0.0;-1.0;-0.125;0.0;0.0;;
;Anthony Pilkington;;;0.0;0.0;0.0;0.0;0.0;0.0;;
;Antonio Rüdiger;;;0.75;0.08333333333333333;22.25;2.9990079365079367;4.5;0.6026785714285714;;
;Antonio Valencia;;;0.25;0.041666666666666664;10.25;1.630952380952381;1.75;0.2916666666666667;;
;Arijanet Muric;;;0.0;0.0;0.0;0.0;0.0;0.0;;
;Aron Gunnarsson;;;0.0;0.0;0.0;0.0;0.0;0.0;;
;Arthur Masuaku;;;0.0;0.0;12.75;1.6498015873015874;1.5;0.18948412698412698;;
;Artur Boruc;;;0.0;0.0;0.0;0.0;0.0;0.0;;
;Ashley Barnes;;;0.0;0.0;2.75;0.3849206349206349;1.0;0.13640873015873015;;
;Ashley Darel Jazz Richards;;;0.0;0.0;0.0;0.0;0.0;0.0;;
;Ashley Westwood;;;0.0;0.0;14.0;1.929563492063492;2.25;0.3005952380952381;;
;Ashley Williams;;;0.0;0.0;0.0;0.0;0.0;0.0;;
;Ashley Young;;;0.0;0.0;3.25;0.40625;0.25;0.03125;;
;Asmir Begovic;;;0.0;0.0;14.75;1.9761904761904763;3.0;0.37946428571428564;;
;Aymeric Laporte;;;0.0;0.0;17.5;2.330357142857143;4.5;0.5982142857142857;;
;Ayoze Pérez;;;0.0;0.0;3.5;0.45535714285714285;1.75;0.2371031746031746;;
;Bakary Sako;;;0.0;0.0;0.0;0.0;0.0;0.0;;
;Bamidele Alli;;;0.5;0.05555555555555555;17.25;2.1617063492063493;4.75;0.5967261904761905;;
;Barry Douglas;;;0.0;0.0;0.0;0.0;0.0;0.0;;
;Ben Davies;;;0.0;0.0;12.25;1.6011904761904763;1.5;0.19543650793650794;;
;Ben Foster;;;0.0;0.0;15.25;2.015376984126984;3.0;0.3839285714285714;;
;Ben Gibson;;;0.0;0.0;0.0;0.0;0.0;0.0;;
;Ben Hamer;;;0.0;0.0;9.75;1.2028769841269842;1.0;0.1259920634920635;;
;Ben Mee;;;0.5;0.05555555555555555;20.0;2.648313492063492;3.25;0.40228174603174605;;
;Beni Baningime;;;0.0;0.0;0.0;0.0;0.0;0.0;;
;Benjamin Chilwell;;;0.5;0.0625;16.0;2.1011904761904763;3.0;0.39087301587301587;;
;Benjamin Mendy;;;1.25;0.15476190476190477;33.0;4.314980158730159;8.0;1.0178571428571428;;
;Beram Kayal;;;0.0;0.0;0.75;0.09375;0.25;0.03125;;
;Bernard Anício Caldeira Duarte;;;0.0;0.0;0.75;0.10714285714285714;0.25;0.03571428571428571;;
;Bernardo Fernandes da Silva Junior;;;0.0;0.0;2.75;0.3055555555555556;0.0;0.0;;
;Bernardo Mota Veiga de Carvalho e Silva;;;0.0;0.0;12.5;1.558531746031746;3.25;0.3978174603174603;;
;Bernd Leno;;;0.0;0.0;0.0;0.0;0.0;0.0;;
;Bobby Reid;;;0.0;0.0;4.5;0.5882936507936508;1.5;0.2058531746031746;;
;Bonatini Lohner Maia Bonatini;;;0.0;0.0;3.0;0.47916666666666663;1.5;0.22569444444444442;;
;Brahim Diaz;;;0.0;0.0;0.0;0.0;0.0;0.0;;
;Brian Murphy;;;0.0;0.0;0.0;0.0;0.0;0.0;;
;Bright Enobakhare;;;0.0;0.0;0.0;0.0;0.0;0.0;;
;Bruno Ecuele Manga;;;0.0;0.0;17.0;2.3621031746031744;3.5;0.4712301587301588;;
;Bruno Saltor Grau;;;0.0;0.0;1.5;0.16666666666666666;0.25;0.027777777777777776;;
;Caglar Söyüncü;;;0.0;0.0;0.0;0.0;0.0;0.0;;
;Callum Hudson-Odoi;;;0.0;0.0;0.0;0.0;0.0;0.0;;
;Callum Paterson;;;0.0;0.0;7.25;0.9384920634920635;1.5;0.19394841269841268;;
;Callum Wilson;;;0.25;0.027777777777777776;15.25;1.8060515873015872;6.0;0.7787698412698413;;
;Calum Chambers;;;0.0;0.0;11.5;1.4191468253968254;1.0;0.13640873015873015;;
;Carlos Sánchez;;;0.0;0.0;7.5;1.1294642857142856;1.25;0.18601190476190477;;
;Cenk Tosun;;;0.0;0.0;8.25;1.0297619047619047;3.25;0.42757936507936506;;
;Cesc Fàbregas;;;0.0;0.0;0.0;0.0;0.0;0.0;;
;Chancel Mbemba;;;0.0;0.0;0.0;0.0;0.0;0.0;;
;Charlie Austin;;;0.0;0.0;-1.0;-0.25396825396825395;0.75;0.0808531746031746;;
;Charlie Daniels;;;0.0;0.0;10.5;1.2673611111111112;2.0;0.2371031746031746;;
;Charlie Taylor;;;0.0;0.0;8.25;1.2341269841269842;1.0;0.13640873015873015;;
;Cheikhou Kouyaté;;;0.0;0.0;2.25;0.3333333333333333;0.5;0.06944444444444445;;
;Chris Löwe;;;0.25;0.041666666666666664;11.0;1.6041666666666667;1.5;0.2465277777777778;;
;Chris Smalling;;;0.25;0.041666666666666664;11.75;1.8452380952380953;2.0;0.3273809523809524;;
;Chris Wood;;;0.0;0.0;4.0;0.589781746031746;2.0;0.2728174603174603;;
;Christian Atsu;;;0.0;0.0;2.5;0.3611111111111111;0.5;0.06944444444444445;;
;Christian Benteke;;;0.0;0.0;1.25;0.0892857142857143;2.0;0.2728174603174603;;
;Christian Eriksen;;;0.0;0.0;14.25;1.9836309523809526;3.0;0.41567460317460314;;
;Christian Fuchs;;;0.0;0.0;0.0;0.0;0.0;0.0;;
;Christian Kabasele;;;0.0;0.0;12.0;1.6359126984126986;3.0;0.3839285714285714;;
;Christopher Schindler;;;0.75;0.10714285714285714;12.75;1.8020833333333333;2.25;0.34226190476190477;;
;Ciaran Clark;;;0.0;0.0;14.75;1.9895833333333333;2.25;0.2926587301587302;;
;Claudio Bravo;;;0.0;0.0;0.0;0.0;0.0;0.0;;
;Collin Quaner;;;0.0;0.0;0.0;0.0;0.0;0.0;;
;Connor Wickham;;;0.0;0.0;0.0;0.0;0.0;0.0;;
;Conor Coady;;;0.5;0.08333333333333333;16.0;2.2698412698412698;2.75;0.4280753968253968;;
;Craig Cathcart;;;0.75;0.125;20.0;2.8070436507936507;5.25;0.7589285714285714;;
;Cuco Martina;;;0.0;0.0;0.0;0.0;0.0;0.0;;
;Cyrus Christie;;;0.0;0.0;3.75;0.4270833333333333;0.5;0.059027777777777776;;
;Cédric Soares;;;0.75;0.125;17.0;2.6245039682539684;3.5;0.5634920634920635;;
;César Azpilicueta;;;0.0;0.0;24.5;3.3100198412698414;4.5;0.613095238095238;;
;Dale Stephens;;;0.0;0.0;12.25;1.6507936507936507;1.5;0.20337301587301584;;
;Daley Blind;;;0.0;0.0;0.0;0.0;0.0;0.0;;
;Dan Gosling;;;0.0;0.0;7.25;0.9464285714285714;1.75;0.22767857142857142;;
;Daniel Amartey;;;0.0;0.0;8.25;1.1547619047619047;1.25;0.17212301587301584;;
;Daniel Drinkwater;;;0.0;0.0;0.0;0.0;0.0;0.0;;
;Daniel Sturridge;;;0.0;0.0;8.0;0.9231150793650793;1.75;0.2058531746031746;;
;Danilo Luiz da Silva;;;0.0;0.0;0.0;0.0;0.0;0.0;;
;Danny Batth;;;0.0;0.0;0.0;0.0;0.0;0.0;;
;Danny Ings;;;0.75;0.11458333333333333;16.75;2.455357142857143;4.5;0.6512896825396826;;
;Danny Rose;;;0.0;0.0;5.0;0.7261904761904763;1.5;0.22023809523809523;;
;Danny Simpson;;;0.0;0.0;0.0;0.0;0.0;0.0;;
;Danny Ward;;;0.0;0.0;0.0;0.0;0.0;0.0;;
;Danny Welbeck;;;0.75;0.10714285714285714;8.25;1.1964285714285714;2.25;0.3273809523809524;;
;Danny Williams;;;0.0;0.0;0.0;0.0;0.0;0.0;;
;Daryl Janmaat;;;1.0;0.1349206349206349;20.5;2.810515873015873;4.25;0.5590277777777778;;
;David Brooks;;;0.0;0.0;5.75;0.7485119047619048;1.75;0.21726190476190474;;
;David Button;;;0.0;0.0;0.0;0.0;0.0;0.0;;
;David De Gea;;;0.0;0.0;15.25;2.178571428571429;2.75;0.40029761904761907;;
;David Junior Hoilett;;;0.0;0.0;4.25;0.5104166666666666;1.5;0.1909722222222222;;
;David Luiz Moreira Marinho;;;0.5;0.08333333333333333;21.5;2.9836309523809526;4.0;0.5749007936507936;;
;David Silva;;;0.5;0.0625;17.75;2.431547619047619;3.0;0.400297619047619;;
;Davide Zappacosta;;;0.0;0.0;0.0;0.0;0.0;0.0;;
;Davinson Sánchez;;;0.0;0.0;13.25;1.6979166666666665;2.0;0.24305555555555555;;
;Davy Klaassen;;;0.0;0.0;0.0;0.0;0.0;0.0;;
;Davy Pröpper;;;0.0;0.0;9.0;1.21875;1.75;0.23115079365079363;;
;DeAndre Yedlin;;;0.0;0.0;9.0;1.3511904761904763;2.5;0.39087301587301587;;
;Declan Rice;;;0.0;0.0;1.25;0.1388888888888889;0.0;0.0;;
;Dejan Lovren;;;0.0;0.0;0.0;0.0;0.0;0.0;;
;Demarai Gray;;;0.5;0.07142857142857142;13.0;1.7380952380952381;4.0;0.5540674603174603;;
;Denis Odoi;;;0.0;0.0;6.5;1.0;0.5;0.07738095238095238;;
;Diego Rico;;;0.0;0.0;5.75;0.9583333333333334;0.25;0.041666666666666664;;
;Diogo Jota;;;0.0;0.0;7.25;0.9419642857142857;2.75;0.36656746031746035;;
;Domingos Quina;;;0.0;0.0;0.0;0.0;0.0;0.0;;
;Dominic Calvert-Lewin;;;0.25;0.041666666666666664;7.5;1.211309523809524;2.25;0.3586309523809524;;
;Dominic Solanke;;;0.0;0.0;0.0;0.0;0.0;0.0;;
;Dwight Gayle;;;0.0;0.0;0.0;0.0;0.0;0.0;;
;Dwight McNeil;;;0.0;0.0;18.0;3.0;1.0;0.16666666666666666;;
;Eden Hazard;;;1.0;0.1607142857142857;23.75;3.373511904761905;6.75;0.98015873015873;;
;Ederson Santana de Moraes;;;0.25;0.027777777777777776;16.25;2.0922619047619047;4.25;0.533234126984127;;
;Edimilson Fernandes;;;0.0;0.0;0.0;0.0;0.0;0.0;;
;Eldin Jakupovic;;;0.0;0.0;0.0;0.0;0.0;0.0;;
;Elias Kachunga;;;0.0;0.0;0.25;0.041666666666666664;0.25;0.041666666666666664;;
;Emerson Hyndman;;;0.0;0.0;0.0;0.0;0.0;0.0;;
;Emerson Palmieri dos Santos;;;0.0;0.0;0.0;0.0;0.0;0.0;;
;Eric Bailly;;;0.0;0.0;6.5;0.7986111111111112;1.0;0.1284722222222222;;
;Eric Dier;;;0.0;0.0;10.5;1.2916666666666667;1.5;0.1974206349206349;;
;Erik Durm;;;0.0;0.0;2.25;0.375;0.25;0.041666666666666664;;
;Erik Lamela;;;0.0;0.0;3.0;0.375;1.0;0.125;;
;Ethan Ampadu;;;0.0;0.0;0.0;0.0;0.0;0.0;;
;Etienne Capoue;;;0.5;0.07142857142857142;12.75;1.7847222222222223;2.75;0.3740079365079365;;
;Ezequiel Schelotto;;;0.0;0.0;0.0;0.0;0.0;0.0;;
;Fabian Delph;;;0.0;0.0;0.0;0.0;0.0;0.0;;
;Fabian Schär;;;0.0;0.0;0.75;0.10714285714285714;0.25;0.03571428571428571;;
;Fabio Henrique Tavares;;;0.0;0.0;0.0;0.0;0.0;0.0;;
;Fabián Balbuena;;;0.0;0.0;16.0;2.253968253968254;0.75;0.12251984126984126;;
;Fabricio Agosto Ramírez;;;0.5;0.0625;11.75;1.3993055555555556;2.0;0.23958333333333331;;
;Federico Fernández;;;0.0;0.0;4.75;0.7440476190476191;0.25;0.041666666666666664;;
;Felipe Anderson Pereira Gomes;;;0.0;0.0;12.25;1.6840277777777777;2.5;0.34871031746031744;;
;Fernando Llorente;;;0.0;0.0;0.75;0.125;0.25;0.041666666666666664;;
;Fernando Luiz Rosa;;;0.0;0.0;12.0;1.6220238095238093;2.25;0.3005952380952381;;
;Filip Benkovic;;;0.0;0.0;0.0;0.0;0.0;0.0;;
;Florent Hadergjonaj;;;0.0;0.0;11.0;1.4538690476190474;1.75;0.2524801587301587;;
;Florian Lejeune;;;0.0;0.0;0.0;0.0;0.0;0.0;;
;Florin Andone;;;0.0;0.0;0.0;0.0;0.0;0.0;;
;Floyd Ayité;;;0.0;0.0;0.0;0.0;0.0;0.0;;
;Fousseni Diabaté;;;0.0;0.0;0.0;0.0;0.0;0.0;;
;Francisco Femenía Far;;;0.0;0.0;2.0;0.2326388888888889;0.5;0.059027777777777776;;
;Fraser Forster;;;0.0;0.0;0.0;0.0;0.0;0.0;;
;Frederico Rodrigues de Paula Santos;;;0.0;0.0;6.75;0.8650793650793651;1.5;0.18948412698412698;;
;Gabriel Fernando de Jesus;;;0.25;0.03125;10.25;1.2718253968253967;2.5;0.3239087301587302;;
;Gary Cahill;;;0.0;0.0;0.0;0.0;0.0;0.0;;
;Gary Madine;;;0.0;0.0;2.0;0.2638888888888889;0.5;0.06944444444444445;;
;Gaëtan Bong;;;0.0;0.0;12.25;1.6870039682539681;1.25;0.17212301587301584;;
;Georges-Kévin Nkoudou;;;0.0;0.0;0.0;0.0;0.0;0.0;;
;Georginio Wijnaldum;;;0.0;0.0;10.5;1.4087301587301586;2.75;0.3675595238095238;;
;Gerard Deulofeu;;;0.0;0.0;0.0;0.0;0.0;0.0;;
;Glenn Murray;;;0.75;0.125;15.0;2.3343253968253967;5.25;0.783234126984127;;
;Granit Xhaka;;;0.0;0.0;11.5;1.6706349206349207;1.75;0.26587301587301587;;
;Greg Cunninghamm;;;0.0;0.0;0.0;0.0;0.0;0.0;;
;Greg Halford;;;0.0;0.0;0.0;0.0;0.0;0.0;;
;Guido Carrillo;;;0.0;0.0;0.0;0.0;0.0;0.0;;
;Gylfi Sigurdsson;;;0.0;0.0;12.0;1.6785714285714286;2.25;0.31646825396825395;;
;Hamza Choudhury;;;0.0;0.0;0.0;0.0;0.0;0.0;;
;Harry Arter;;;0.0;0.0;5.75;0.7961309523809523;1.25;0.17559523809523808;;
;Harry Kane;;;0.75;0.10267857142857142;16.25;2.1805555555555554;5.0;0.6870039682539683;;
;Harry Maguire;;;0.75;0.10714285714285714;22.25;3.045138888888889;4.25;0.5828373015873015;;
;Harry Winks;;;0.0;0.0;2.25;0.3318452380952381;0.75;0.10863095238095238;;
;Henrikh Mkhitaryan;;;0.5;0.0625;14.5;1.8040674603174602;4.25;0.5436507936507936;;
;Heung-Min Son;;;0.0;0.0;1.75;0.19444444444444445;0.25;0.027777777777777776;;
;Heurelho Gomes;;;0.0;0.0;0.0;0.0;0.0;0.0;;
;Hugo Lloris;;;0.0;0.0;14.75;1.9404761904761905;2.75;0.3680555555555556;;
;Héctor Bellerín;;;0.0;0.0;15.75;2.0734126984126986;1.75;0.23759920634920634;;
;Hélder Costa;;;0.0;0.0;4.25;0.5654761904761905;2.0;0.283234126984127;;
;Ibrahima Cissé;;;0.0;0.0;0.0;0.0;0.0;0.0;;
;Idrissa Gueye;;;0.0;0.0;11.5;1.443452380952381;1.25;0.15376984126984128;;
;Ilkay Gündogan;;;0.75;0.10714285714285714;14.0;1.8645833333333333;3.5;0.4732142857142857;;
;Isaac Hayden;;;0.0;0.0;-2.0;-0.25;-0.5;-0.0625;;
;Isaac Mbenza;;;0.0;0.0;0.75;0.10714285714285714;0.25;0.03571428571428571;;
;Isaac Success Ajayi;;;0.0;0.0;0.75;0.05505952380952381;0.75;0.09474206349206349;;
;Issa Diop;;;0.0;0.0;4.5;0.7559523809523809;0.0;0.011904761904761904;;
;Ivan Cavaleiro;;;0.0;0.0;0.0;0.0;0.0;0.0;;
;Jack Cork;;;0.0;0.0;11.5;1.5947420634920635;2.0;0.2728174603174603;;
;Jack Simpson;;;0.0;0.0;0.0;0.0;0.0;0.0;;
;Jack Stephens;;;0.0;0.0;9.5;1.0902777777777777;1.5;0.16666666666666666;;
;Jack Wilshere;;;0.0;0.0;13.0;1.8224206349206349;1.75;0.24751984126984128;;
;Jacob Murphy;;;0.0;0.0;4.0;0.5714285714285714;1.25;0.1800595238095238;;
;Jairo Riedewald;;;0.0;0.0;0.0;0.0;0.0;0.0;;
;Jamaal Lascelles;;;0.5;0.0625;14.0;1.8090277777777777;2.5;0.3194444444444445;;
;James Maddison;;;0.25;0.03125;18.5;2.5575396825396823;4.5;0.6165674603174603;;
;James McArthur;;;0.0;0.0;12.0;1.6478174603174602;2.25;0.3005952380952381;;
;James McCarthy;;;0.0;0.0;0.0;0.0;0.0;0.0;;
;James Milner;;;0.75;0.09375;24.75;3.265376984126984;6.0;0.7842261904761904;;
;James Tarkowski;;;0.25;0.027777777777777776;23.0;3.0327380952380953;5.0;0.6334325396825397;;
;James Tomkins;;;0.0;0.0;12.25;1.4305555555555556;1.75;0.19791666666666666;;
;James Ward-Prowse;;;0.0;0.0;4.75;0.59375;0.5;0.0625;;
;Jamie Sterry;;;0.0;0.0;0.0;0.0;0.0;0.0;;
;Jamie Vardy;;;0.25;0.027777777777777776;4.75;0.5069444444444444;1.25;0.13541666666666666;;
;Jan Bednarek;;;0.0;0.0;0.0;0.0;0.0;0.0;;
;Jan Vertonghen;;;0.75;0.08333333333333333;23.5;3.1031746031746033;5.0;0.6240079365079365;;
;Jannik Vestergaard;;;0.0;0.0;15.0;2.121031746031746;3.0;0.4107142857142857;;
;Jaroslaw Jach;;;0.0;0.0;0.0;0.0;0.0;0.0;;
;Jason Puncheon;;;0.0;0.0;0.0;0.0;0.0;0.0;;
;Jason Steele;;;0.0;0.0;0.0;0.0;0.0;0.0;;
;Javier Hernández Balcázar;;;0.0;0.0;6.0;0.8020833333333334;2.0;0.2614087301587302;;
;Javier Manquillo;;;0.0;0.0;-0.5;-0.0625;0.0;0.0;;
;Jean Michael Seri;;;1.0;0.15476190476190477;27.5;3.8457341269841265;5.0;0.7311507936507937;;
;Jeff Hendrick;;;0.0;0.0;9.5;1.3447420634920637;3.25;0.4375;;
;Jefferson Lerma;;;0.0;0.0;1.75;0.2916666666666667;0.25;0.041666666666666664;;
;Jeffrey Schlupp;;;0.0;0.0;11.75;1.4464285714285716;4.0;0.4871031746031746;;
;Jermain Defoe;;;0.0;0.0;0.75;0.08333333333333333;0.25;0.027777777777777776;;
;Jerome Sinclair;;;0.0;0.0;0.0;0.0;0.0;0.0;;
;Jesse Lingard;;;0.0;0.0;4.75;0.7366071428571428;1.5;0.22767857142857142;;
;Joe Bennett;;;0.5;0.0625;22.25;3.0808531746031744;4.75;0.6587301587301587;;
;Joe Bryan;;;0.0;0.0;11.25;1.3918650793650795;1.0;0.12251984126984126;;
;Joe Hart;;;0.5;0.08333333333333333;26.25;3.7073412698412698;5.25;0.7450396825396826;;
;Joe Ralls;;;0.0;0.0;14.25;1.892857142857143;2.5;0.339781746031746;;
;Joel Matip;;;0.0;0.0;1.5;0.23214285714285715;0.5;0.07738095238095238;;
;Joel Ward;;;0.0;0.0;1.5;0.20089285714285715;0.5;0.06696428571428571;;
;Johann Berg Gudmundsson;;;0.0;0.0;7.5;0.9300595238095237;2.25;0.275297619047619;;
;John Ruddy;;;0.0;0.0;0.0;0.0;0.0;0.0;;
;John Stones;;;0.5;0.05555555555555555;17.0;2.2395833333333335;3.0;0.3680555555555555;;
;Jon Gorenc Stankovic;;;0.0;0.0;5.75;0.71875;1.25;0.15625;;
;Jonas Lössl;;;0.5;0.07142857142857142;8.5;1.2619047619047619;2.75;0.40476190476190477;;
;Jonathan Castro Otto;;;0.75;0.125;16.25;2.4166666666666665;3.25;0.5054563492063492;;
;Jonathan Hogg;;;0.0;0.0;4.75;0.5357142857142857;0.5;0.05555555555555555;;
;Jonathan Walters;;;0.0;0.0;0.0;0.0;0.0;0.0;;
;Jonjo Shelvey;;;0.0;0.0;7.75;0.9236111111111112;1.25;0.14930555555555555;;
;Jonjoe Kenny;;;0.0;0.0;0.0;0.0;0.0;0.0;;
;Jonny Evans;;;0.0;0.0;5.75;0.71875;1.25;0.15625;;
;Jordan Ayew;;;0.0;0.0;0.75;0.125;0.5;0.08333333333333333;;
;Jordan Henderson;;;0.0;0.0;10.0;1.4479166666666665;1.25;0.1780753968253968;;
;Jordan Hugill;;;0.0;0.0;0.0;0.0;0.0;0.0;;
;Jordan Pickford;;;0.0;0.0;15.5;2.151289682539683;2.25;0.3179563492063492;;
;Jordon Ibe;;;0.0;0.0;1.0;0.1488095238095238;0.5;0.07738095238095238;;
;Jorge Luiz Frello Filho;;;0.25;0.027777777777777776;18.75;2.4593253968253967;4.0;0.5089285714285714;;
;Jose Luis Mato Sanmartín;;;0.75;0.0992063492063492;15.5;1.9761904761904763;3.75;0.4930555555555556;;
;Joseph Gomez;;;0.5;0.07142857142857142;25.75;3.4419642857142856;5.5;0.7232142857142857;;
;Josh Murphy;;;0.0;0.0;5.0;0.6378968253968254;1.75;0.2286706349206349;;
;Joshua King;;;0.75;0.10714285714285714;9.5;1.3715277777777777;3.5;0.4915674603174603;;
;Joshua Sims;;;0.0;0.0;0.0;0.0;0.0;0.0;;
;José Diogo Dalot Teixeira;;;0.0;0.0;0.0;0.0;0.0;0.0;;
;José Heriberto Izquierdo Mena;;;0.0;0.0;0.0;0.0;0.0;0.0;;
;José Holebas;;;1.5;0.2103174603174603;26.5;3.5659722222222223;8.5;1.1617063492063493;;
;João Filipe Iria Santos Moutinho;;;0.25;0.03571428571428571;19.5;2.772321428571429;3.25;0.4573412698412698;;
;Juan Mata;;;0.0;0.0;6.25;0.6979166666666666;1.5;0.1701388888888889;;
;Julian Speroni;;;0.0;0.0;0.0;0.0;0.0;0.0;;
;Juninho Bacuna;;;0.0;0.0;0.0;0.0;0.0;0.0;;
;Junior Stanislas;;;0.0;0.0;0.0;0.0;0.0;0.0;;
;Jürgen Locadia;;;0.0;0.0;1.75;0.2425595238095238;0.75;0.10863095238095238;;
;Kadeem Harris;;;0.0;0.0;0.0;0.0;0.0;0.0;;
;Karl Darlow;;;0.0;0.0;0.0;0.0;0.0;0.0;;
;Kasper Schmeichel;;;0.0;0.0;17.25;2.291170634920635;3.0;0.39186507936507936;;
;Kelechi Iheanacho;;;0.0;0.0;6.0;0.8412698412698413;2.25;0.3070436507936508;;
;Ken Sema;;;0.0;0.0;2.5;0.31299603174603174;0.75;0.09474206349206349;;
;Kenneth Zohore;;;0.0;0.0;0.25;0.07291666666666666;1.0;0.13988095238095238;;
;Kepa Arrizabalaga;;;0.0;0.0;17.5;2.3665674603174605;4.0;0.5505952380952381;;
;Kevin De Bruyne;;;0.0;0.0;0.0;0.0;0.0;0.0;;
;Kevin Long;;;0.0;0.0;0.0;0.0;0.0;0.0;;
;Kevin McDonald;;;0.0;0.0;9.25;1.248015873015873;1.25;0.18253968253968253;;
;Kevin Mirallas;;;0.0;0.0;0.0;0.0;0.0;0.0;;
;Kieran Dowell;;;0.0;0.0;0.0;0.0;0.0;0.0;;
;Kieran Trippier;;;1.25;0.16517857142857142;23.75;3.416666666666667;5.75;0.7782738095238094;;
;Konstantinos Mavropanos;;;0.0;0.0;0.0;0.0;0.0;0.0;;
;Kortney Hause;;;0.0;0.0;0.0;0.0;0.0;0.0;;
;Kurt Zouma;;;0.0;0.0;4.666666666666667;0.753968253968254;1.0;0.15873015873015872;;
;Kyle Walker;;;0.75;0.1111111111111111;16.0;2.232142857142857;4.75;0.6825396825396826;;
;Kyle Walker-Peters;;;0.0;0.0;0.0;0.0;0.0;0.0;;
;Laurent Depoitre;;;0.0;0.0;2.25;0.32589285714285715;1.0;0.13640873015873015;;
;Laurent Koscielny;;;0.0;0.0;0.0;0.0;0.0;0.0;;
;Leander Dendoncker;;;0.0;0.0;0.0;0.0;0.0;0.0;;
;Lee Grant;;;0.0;0.0;0.0;0.0;0.0;0.0;;
;Lee Peltier;;;0.0;0.0;1.5;0.16666666666666666;0.0;0.0;;
;Leighton Baines;;;0.0;0.0;10.0;1.277281746031746;1.25;0.16765873015873015;;
;Leon Balogun;;;0.0;0.0;4.25;0.5669642857142857;0.5;0.06696428571428571;;
;Leroy Sané;;;0.0;0.0;4.5;0.5699404761904762;1.5;0.1884920634920635;;
;Lewis Cook;;;0.0;0.0;3.0;0.43898809523809523;0.75;0.10863095238095238;;
;Lewis Dunk;;;0.0;0.0;8.0;1.1180555555555556;0.75;0.10069444444444445;;
;Loris Karius;;;0.0;0.0;0.0;0.0;0.0;0.0;;
;Loïc Damour;;;0.0;0.0;0.0;0.0;0.0;0.0;;
;Lucas Digne;;;0.5;0.08333333333333333;7.75;1.2638888888888888;2.0;0.3194444444444445;;
;Lucas Pérez;;;0.0;0.0;1.75;0.23214285714285715;0.5;0.06696428571428571;;
;Lucas Rodrigues Moura da Silva;;;0.75;0.10714285714285714;20.25;2.8427579365079363;7.25;1.0183531746031746;;
;Lucas Torreira;;;0.0;0.0;10.5;1.5659722222222223;1.75;0.2614087301587301;;
;Luciano Vietto;;;0.25;0.03571428571428571;12.0;1.7202380952380953;3.0;0.43253968253968256;;
;Luka Milivojevic;;;0.0;0.0;13.5;1.803075396825397;2.25;0.3005952380952381;;
;Lukasz Fabianski;;;0.25;0.03571428571428571;19.75;2.7202380952380953;2.75;0.39384920634920634;;
;Luke Amos;;;0.0;0.0;0.75;0.08333333333333333;0.25;0.027777777777777776;;
;Luke Shaw;;;0.75;0.08333333333333333;22.0;2.9404761904761907;5.25;0.6746031746031746;;
;Lys Mousset;;;0.0;0.0;2.0;0.27976190476190477;0.75;0.10515873015873015;;
;Maarten Stekelenburg;;;0.0;0.0;0.0;0.0;0.0;0.0;;
;Mamadou Sakho;;;0.75;0.0992063492063492;20.75;2.739583333333333;3.0;0.37450396825396826;;
;Manolo Gabbiadini;;;0.0;0.0;1.25;0.14583333333333331;0.5;0.059027777777777776;;
;Manuel Lanzini;;;0.0;0.0;0.0;0.0;0.0;0.0;;
;Marc Albrighton;;;0.0;0.0;8.0;1.1726190476190477;1.75;0.25744047619047616;;
;Marc Navarro;;;0.0;0.0;0.0;0.0;0.0;0.0;;
;Marc Pugh;;;0.0;0.0;0.0;0.0;0.0;0.0;;
;Marcos Alonso;;;2.25;0.29811507936507936;34.75;4.673115079365079;11.0;1.4796626984126984;;
;Marcos Rojo;;;0.0;0.0;0.0;0.0;0.0;0.0;;
;Marcus Bettinelli;;;0.0;0.0;9.25;1.494047619047619;1.75;0.2916666666666667;;
;Marcus Rashford;;;0.0;0.0;2.0;0.15277777777777776;0.25;0.0034722222222222238;;
;Mario Lemina;;;0.0;0.0;10.75;1.4995039682539684;3.0;0.40476190476190477;;
;Mark Noble;;;0.0;0.0;5.5;0.6458333333333333;0.75;0.08680555555555555;;
;Marko Arnautovic;;;0.5;0.0625;13.25;1.744543650793651;4.25;0.5674603174603176;;
;Markus Suttner;;;0.0;0.0;0.0;0.0;0.0;0.0;;
;Marouane Fellaini;;;0.0;0.0;9.25;1.3313492063492063;2.25;0.3134920634920635;;
;Martin Dubravka;;;0.0;0.0;17.25;2.386904761904762;3.0;0.4037698412698413;;
;Martin Kelly;;;0.0;0.0;5.25;0.8214285714285714;0.5;0.07738095238095238;;
;Martín Montoya;;;0.0;0.0;9.25;1.3720238095238093;1.0;0.14434523809523808;;
;Marvin Zeegelaar;;;0.0;0.0;0.0;0.0;0.0;0.0;;
;Mason Holgate;;;0.0;0.0;12.25;1.7118055555555558;1.0;0.13988095238095238;;
;Matej Vydra;;;0.0;0.0;0.5;0.08333333333333333;0.25;0.041666666666666664;;
;Mateo Kovacic;;;0.0;0.0;8.0;1.2008928571428572;1.5;0.22767857142857142;;
;Mathew Ryan;;;0.0;0.0;14.75;2.03125;2.25;0.31299603174603174;;
;Mathias Jorgensen;;;0.0;0.0;12.75;1.6686507936507935;2.0;0.2837301587301587;;
;Matt Doherty;;;0.0;0.0;10.25;1.5451388888888888;2.0;0.3179563492063492;;
;Matt Ritchie;;;0.0;0.0;7.0;0.8358134920634921;2.0;0.2371031746031746;;
;Matt Targett;;;0.0;0.0;3.5;0.5833333333333334;1.0;0.16666666666666666;;
;Matteo Darmian;;;0.0;0.0;4.0;0.4444444444444444;0.5;0.05555555555555555;;
;Matteo Guendouzi;;;0.0;0.0;14.75;1.9717261904761905;1.5;0.19543650793650794;;
;Matthew Connolly;;;0.0;0.0;0.0;0.0;0.0;0.0;;
;Matthew Lowton;;;0.0;0.0;15.5;1.914186507936508;1.75;0.19791666666666666;;
;Matty James;;;0.0;0.0;0.0;0.0;0.0;0.0;;
;Max Meyer;;;0.0;0.0;4.25;0.6220238095238095;1.25;0.1800595238095238;;
;Maxime Le Marchand;;;0.25;0.03125;17.5;2.2698412698412698;1.0;0.1259920634920635;;
;Maya Yoshida;;;0.0;0.0;0.0;0.0;0.0;0.0;;
;Mesut Özil;;;0.0;0.0;5.25;0.7048611111111112;1.5;0.2013888888888889;;
;Michael Keane;;;1.0;0.1349206349206349;17.25;2.1875;4.25;0.558531746031746;;
;Michail Antonio;;;0.0;0.0;4.75;0.6507936507936508;1.5;0.2242063492063492;;
;Michel Vorm;;;0.0;0.0;2.5;0.4166666666666667;0.25;0.041666666666666664;;
;Miguel Britos;;;0.0;0.0;0.0;0.0;0.0;0.0;;
;Mikel Merino;;;0.0;0.0;0.0;0.0;0.0;0.0;;
;Mohamed Diamé;;;0.0;0.0;4.75;0.6498015873015872;2.0;0.2762896825396825;;
;Mohamed Elneny;;;0.0;0.0;0.0;0.0;0.0;0.0;;
;Mohamed Elyounoussi;;;0.0;0.0;5.0;0.6964285714285715;1.5;0.2242063492063492;;
;Mohamed Salah;;;0.0;0.0;19.25;2.534722222222222;6.75;0.8725198412698413;;
;Morgan Gibbs-White;;;0.0;0.0;-0.25;-0.03819444444444445;0.25;0.027777777777777776;;
;Morgan Schneiderlin;;;0.0;0.0;11.5;1.5347222222222223;1.75;0.2222222222222222;;
;Mousa Dembélé;;;0.0;0.0;7.5;1.0674603174603174;1.5;0.20783730158730157;;
;Moussa Sissoko;;;0.0;0.0;2.75;0.3055555555555556;0.5;0.05555555555555555;;
;N'Golo Kanté;;;0.0;0.0;17.75;2.2857142857142856;3.5;0.4394841269841269;;
;Naby Keita;;;0.0;0.0;10.0;1.2916666666666667;2.5;0.32589285714285715;;
;Nacho Monreal;;;0.5;0.07142857142857142;12.5;1.7767857142857144;2.75;0.38839285714285715;;
;Nahki Wells;;;0.0;0.0;0.0;0.0;0.0;0.0;;
;Nampalys Mendy;;;0.0;0.0;12.0;1.740079365079365;2.0;0.27579365079365076;;
;Nathan Aké;;;0.75;0.09126984126984126;17.0;2.1860119047619047;4.75;0.6121031746031745;;
;Nathan Redmond;;;0.0;0.0;9.5;1.3313492063492063;2.5;0.34226190476190477;;
;Nathaniel Chalobah;;;0.0;0.0;0.75;0.125;0.25;0.041666666666666664;;
;Nathaniel Clyne;;;0.0;0.0;0.0;0.0;0.0;0.0;;
;Nathaniel Mendez-Laing;;;0.0;0.0;2.75;0.35218253968253965;1.0;0.12251984126984126;;
;Neeskens Kebano;;;0.0;0.0;0.0;0.0;0.0;0.0;;
;Neil Etheridge;;;0.75;0.09375;30.5;4.0644841269841265;7.75;1.005952380952381;;
;Nemanja Matic;;;0.0;0.0;5.25;0.8214285714285714;1.25;0.19642857142857142;;
;Nick Pope;;;0.0;0.0;0.0;0.0;0.0;0.0;;
;Nicolás Otamendi;;;0.0;0.0;0.0;0.0;0.0;0.0;;
;Nikola Vlasic;;;0.0;0.0;0.0;0.0;0.0;0.0;;
;Oleksandr Zinchenko;;;0.0;0.0;0.0;0.0;0.0;0.0;;
;Olivier Giroud;;;0.0;0.0;3.5;0.5446428571428572;1.5;0.23363095238095238;;
;Omar Bogle;;;0.0;0.0;0.0;0.0;0.0;0.0;;
;Oriol Romeu Vidal;;;0.0;0.0;5.0;0.6175595238095238;1.5;0.1919642857142857;;
;Oumar Niasse;;;0.0;0.0;0.75;0.09027777777777778;0.75;0.10069444444444445;;
;Pablo Zabaleta;;;0.0;0.0;2.75;0.34375;0.0;0.0;;
;Pape Souaré;;;0.0;0.0;0.75;0.08333333333333333;0.25;0.027777777777777776;;
;Pascal Groß;;;0.75;0.09375;9.0;1.0907738095238095;2.75;0.3343253968253968;;
;Patrick van Aanholt;;;0.5;0.05555555555555555;18.25;2.3452380952380953;3.25;0.38293650793650796;;
;Paul Dummett;;;0.0;0.0;14.25;1.9588293650793651;2.25;0.2926587301587302;;
;Paul Pogba;;;0.75;0.08680555555555555;14.25;1.696924603174603;5.25;0.6408730158730158;;
;Paulo Gazzaniga;;;0.0;0.0;0.0;0.0;0.0;0.0;;
;Pedro Obiang;;;0.0;0.0;1.75;0.2916666666666667;0.25;0.041666666666666664;;
;Pedro Rodríguez Ledesma;;;0.5;0.059027777777777776;24.75;3.3000992063492065;6.5;0.8571428571428571;;
;Petr Cech;;;0.0;0.0;18.75;2.419642857142857;2.5;0.32589285714285715;;
;Phil Bardsley;;;0.0;0.0;4.75;0.7916666666666666;0.0;0.0;;
;Phil Foden;;;0.0;0.0;1.0;0.125;0.25;0.03125;;
;Phil Jagielka;;;0.0;0.0;-1.25;-0.1388888888888889;-0.75;-0.08333333333333333;;
;Phil Jones;;;0.0;0.0;1.5;0.21428571428571427;0.0;0.0;;
;Philip Billing;;;0.75;0.125;17.5;2.5709325396825395;3.75;0.5689484126984127;;
;Pierre-Emerick Aubameyang;;;0.5;0.08333333333333333;11.5;1.8174603174603174;3.5;0.5228174603174602;;
;Pierre-Emile Højbjerg;;;0.25;0.041666666666666664;9.5;1.5595238095238095;2.0;0.3392857142857143;;
;Pontus Dahlberg;;;0.0;0.0;0.0;0.0;0.0;0.0;;
;Rachid Ghezzal;;;0.5;0.08333333333333333;8.5;1.3571428571428572;2.5;0.3968253968253968;;
;Rafa Mir;;;0.0;0.0;0.0;0.0;0.0;0.0;;
;Ragnar Klavan;;;0.0;0.0;0.0;0.0;0.0;0.0;;
;Raheem Sterling;;;0.75;0.125;14.25;2.0396825396825395;4.75;0.6825396825396826;;
;Rajiv van La Parra;;;0.0;0.0;2.5;0.4107142857142857;1.25;0.19047619047619047;;
;Ramadan Sobhi;;;0.0;0.0;1.0;0.125;0.25;0.03125;;
;Raúl Jiménez;;;0.0;0.0;8.5;0.9950396825396824;3.0;0.3839285714285714;;
;Reece Oxford;;;0.0;0.0;0.0;0.0;0.0;0.0;;
;Reiss Nelson;;;0.0;0.0;0.0;0.0;0.0;0.0;;
;Ricardo Domingos Barbosa Pereira;;;0.75;0.09375;23.0;3.027281746031746;4.75;0.5992063492063492;;
;Richarlison de Andrade;;;1.25;0.14583333333333331;16.5;1.8625992063492063;5.25;0.5987103174603174;;
;Riyad Mahrez;;;0.0;0.0;5.75;0.8745039682539683;1.25;0.1780753968253968;;
;Rob Holding;;;0.0;0.0;0.0;0.0;0.0;0.0;;
;Robbie Brady;;;0.0;0.0;0.0;0.0;0.0;0.0;;
;Robert Elliot;;;0.0;0.0;0.0;0.0;0.0;0.0;;
;Robert Kenedy Nunes do Nascimento;;;0.0;0.0;1.75;0.2534722222222222;1.0;0.1284722222222222;;
;Robert Snodgrass;;;0.0;0.0;5.25;0.6969246031746033;1.5;0.20337301587301584;;
;Roberto Firmino;;;0.25;0.041666666666666664;17.75;2.4588293650793647;4.75;0.6716269841269842;;
;Roberto Pereyra;;;1.25;0.15476190476190477;23.75;2.909722222222222;7.0;0.8759920634920635;;
;Roderick Jefferson Gonçalves Miranda;;;0.0;0.0;0.0;0.0;0.0;0.0;;
;Romain Saïss;;;0.0;0.0;0.0;0.0;0.0;0.0;;
;Romelu Lukaku;;;1.25;0.1875;18.0;2.764384920634921;5.75;0.8492063492063492;;
;Ross Barkley;;;0.0;0.0;5.75;0.6904761904761904;1.25;0.15029761904761904;;
;Ruben Loftus-Cheek;;;0.0;0.0;2.25;0.3055555555555556;0.5;0.06944444444444445;;
;Rui Pedro da Rocha Fonte;;;0.0;0.0;0.0;0.0;0.0;0.0;;
;Rui Pedro dos Santos Patrício;;;0.0;0.0;17.0;2.4275793650793647;3.25;0.48561507936507936;;
;Ryan Bennett;;;0.0;0.0;15.5;2.1860119047619047;2.25;0.33878968253968256;;
;Ryan Bertrand;;;0.25;0.03571428571428571;19.75;2.730654761904762;5.0;0.6979166666666666;;
;Ryan Fraser;;;1.0;0.11458333333333333;22.75;2.8368055555555554;5.25;0.6478174603174603;;
;Ryan Fredericks;;;0.0;0.0;5.25;0.7341269841269841;0.25;0.041666666666666664;;
;Ryan Schofield;;;0.0;0.0;0.0;0.0;0.0;0.0;;
;Ryan Sessegnon;;;0.0;0.0;6.5;0.8407738095238095;2.25;0.28918650793650796;;
;Rúben Diogo da Silva Neves;;;0.5;0.05555555555555555;18.75;2.345734126984127;4.75;0.5922619047619048;;
;Rúben Gonçalo Silva Nascimento Vinagre;;;0.0;0.0;2.5;0.34523809523809523;0.75;0.10515873015873015;;
;Sadio Mané;;;2.0;0.2708333333333333;31.25;4.059027777777778;9.75;1.2807539682539681;;
;Salomón Rondón;;;0.0;0.0;5.5;0.886904761904762;2.0;0.30753968253968256;;
;Sam Baldock;;;0.0;0.0;0.0;0.0;0.0;0.0;;
;Sam Byram;;;0.0;0.0;0.0;0.0;0.0;0.0;;
;Sam McQueen;;;0.0;0.0;0.0;0.0;0.0;0.0;;
;Sam Vokes;;;0.0;0.0;0.25;-0.023313492063492064;1.0;0.13640873015873015;;
;Sandro Ramírez;;;0.0;0.0;0.0;0.0;0.0;0.0;;
;Scott Dann;;;0.0;0.0;0.0;0.0;0.0;0.0;;
;Scott Malone;;;0.0;0.0;0.0;0.0;0.0;0.0;;
;Scott McTominay;;;0.0;0.0;0.75;0.08333333333333333;0.25;0.027777777777777776;;
;Sead Kolasinac;;;0.0;0.0;0.0;0.0;0.0;0.0;;
;Seamus Coleman;;;0.0;0.0;11.75;1.6388888888888888;1.5;0.2093253968253968;;
;Sean Longstaff;;;0.0;0.0;0.0;0.0;0.0;0.0;;
;Sean Morrison;;;0.0;0.0;18.5;2.5927579365079367;4.25;0.5962301587301587;;
;Sebastian Prödl;;;0.0;0.0;0.0;0.0;0.0;0.0;;
;Serge Aurier;;;0.0;0.0;6.0;0.6825396825396826;1.5;0.1746031746031746;;
;Sergio Agüero;;;1.0;0.13541666666666666;28.0;3.739087301587302;7.5;1.001984126984127;;
;Sergio Rico;;;0.0;0.0;0.0;0.0;0.0;0.0;;
;Sergio Romero;;;0.0;0.0;0.0;0.0;0.0;0.0;;
;Shane Duffy;;;0.0;0.0;15.25;2.044146825396825;2.75;0.35962301587301587;;
;Shane Long;;;0.0;0.0;2.25;0.3020833333333333;1.25;0.18601190476190477;;
;Shinji Okazaki;;;0.0;0.0;2.0;0.31547619047619047;0.5;0.07738095238095238;;
;Shkodran Mustafi;;;0.25;0.041666666666666664;18.5;2.6274801587301586;2.75;0.4325396825396825;;
;Simon Francis;;;0.0;0.0;7.75;1.03125;1.5;0.18402777777777776;;
;Simon Mignolet;;;0.0;0.0;0.0;0.0;0.0;0.0;;
;Sofiane Boufal;;;0.0;0.0;0.0;0.0;0.0;0.0;;
;Sokratis Papastathopoulos;;;0.0;0.0;12.0;1.6245039682539684;0.75;0.10863095238095238;;
;Sol Bamba;;;0.5;0.07142857142857142;16.25;2.216765873015873;4.0;0.5426587301587301;;
;Solomon March;;;0.0;0.0;10.0;1.337797619047619;2.75;0.3665674603174603;;
;Stefan Johansen;;;0.0;0.0;2.5;0.3020833333333333;0.5;0.059027777777777776;;
;Stefano Okaka;;;0.0;0.0;0.0;0.0;0.0;0.0;;
;Stephan Lichtsteiner;;;0.0;0.0;0.0;0.0;0.25;0.027777777777777776;;
;Stephen Ward;;;0.0;0.0;11.0;1.331845238095238;1.75;0.20238095238095238;;
;Steve Cook;;;0.75;0.09375;22.75;2.9295634920634925;5.5;0.681547619047619;;
;Steve Mounie;;;0.0;0.0;7.5;1.0168650793650793;2.75;0.3665674603174603;;
;Steven Davis;;;0.0;0.0;0.0;0.0;0.0;0.0;;
;Steven Defour;;;0.0;0.0;0.0;0.0;0.0;0.0;;
;Stuart Armstrong;;;0.0;0.0;2.0;0.24603174603174605;0.75;0.09474206349206349;;
;Sullay Kaikai;;;0.0;0.0;0.0;0.0;0.0;0.0;;
;Sung-yueng Ki;;;0.0;0.0;4.25;0.6845238095238095;1.0;0.15476190476190477;;
;Tammy Abraham;;;0.0;0.0;0.0;0.0;0.0;0.0;;
;Terence Kongolo;;;0.0;0.0;13.0;1.8998015873015874;1.25;0.20386904761904762;;
;Theo Walcott;;;0.75;0.09375;15.75;2.066964285714286;5.75;0.7534722222222222;;
;Thibaut Courtois;;;0.0;0.0;0.0;0.0;0.0;0.0;;
;Tiemoué Bakayoko;;;0.0;0.0;0.0;0.0;0.0;0.0;;
;Tim Ream;;;0.0;0.0;0.0;0.0;0.0;0.0;;
;Timothy Fosu-Mensah;;;0.0;0.0;9.25;1.3422619047619047;0.75;0.10863095238095238;;
;Toby Alderweireld;;;0.0;0.0;16.25;2.3392857142857144;2.25;0.318452380952381;;
;Tom Cairney;;;0.0;0.0;15.0;1.9523809523809526;2.25;0.29662698412698413;;
;Tom Cleverley;;;0.0;0.0;0.0;0.0;0.0;0.0;;
;Tom Davies;;;0.0;0.0;8.5;1.1785714285714286;1.25;0.17559523809523808;;
;Tom Heaton;;;0.0;0.0;0.0;0.0;0.0;0.0;;
;Tom Ince;;;0.0;0.0;0.0;0.0;0.0;0.0;;
;Tomer Hemed;;;0.0;0.0;0.0;0.0;0.0;0.0;;
;Tommy Smith;;;0.0;0.0;3.25;0.40625;-0.25;-0.03125;;
;Trent Alexander-Arnold;;;0.0;0.0;20.75;2.7495039682539684;4.25;0.5570436507936508;;
;Troy Deeney;;;1.0;0.13541666666666666;18.0;2.5540674603174605;5.75;0.7936507936507937;;
;Tyias Browning;;;0.0;0.0;0.0;0.0;0.0;0.0;;
;Tyrone Mings;;;0.0;0.0;0.0;0.0;0.0;0.0;;
;Vicente Guaita;;;0.0;0.0;0.0;0.0;0.0;0.0;;
;Vicente Iborra;;;0.0;0.0;1.25;0.1388888888888889;0.25;0.027777777777777776;;
;Victor Lindelöf;;;0.0;0.0;15.25;2.1488095238095237;2.5;0.3725198412698413;;
;Victor Moses;;;0.0;0.0;0.5;0.05555555555555555;0.25;0.027777777777777776;;
;Victor Wanyama;;;0.0;0.0;0.0;0.0;0.0;0.0;;
;Vincent Kompany;;;0.0;0.0;7.75;1.0446428571428572;1.0;0.13988095238095238;;
;Virgil van Dijk;;;0.5;0.07142857142857142;24.5;3.1850198412698414;5.25;0.681547619047619;;
;Víctor Camarasa;;;0.0;0.0;6.5;1.0;2.75;0.41964285714285715;;
;Wayne Hennessey;;;0.5;0.06944444444444445;24.75;3.395833333333333;5.25;0.7172619047619047;;
;Wes Morgan;;;0.0;0.0;10.0;1.3432539682539681;1.0;0.14087301587301587;;
;Wesley Hoedt;;;0.0;0.0;17.0;2.3834325396825395;3.25;0.4523809523809524;;
;Wilfred Ndidi;;;0.0;0.0;13.75;1.867063492063492;2.0;0.26240079365079366;;
;Wilfried Zaha;;;0.0;0.0;10.75;1.3650793650793651;3.0;0.37996031746031744;;
;Will Hughes;;;0.5;0.0625;11.75;1.6071428571428572;3.75;0.4880952380952381;;
;Will Norris;;;0.0;0.0;0.0;0.0;0.0;0.0;;
;Willian Borges Da Silva;;;0.0;0.0;12.5;1.6924603174603172;3.0;0.3898809523809524;;
;Willy Boly;;;0.5;0.08333333333333333;21.75;3.0515873015873014;4.5;0.6780753968253967;;
;Willy Caballero;;;0.0;0.0;0.0;0.0;0.0;0.0;;
;Winston Reid;;;0.0;0.0;0.0;0.0;0.0;0.0;;
;Xherdan Shaqiri;;;0.0;0.0;0.25;0.027777777777777776;0.5;0.06944444444444445;;
;Yannick Bolasie;;;0.0;0.0;0.0;0.0;0.0;0.0;;
;Yerry Mina;;;0.0;0.0;0.0;0.0;0.0;0.0;;
;Yohan Benalouane;;;0.0;0.0;0.0;0.0;0.0;0.0;;
;Yoshinori Muto;;;0.0;0.0;2.5;0.31299603174603174;0.75;0.09474206349206349;;
;Younes Kaboul;;;0.0;0.0;0.0;0.0;0.0;0.0;;
;Yves Bissouma;;;0.0;0.0;2.75;0.38293650793650796;1.0;0.14087301587301587;;
;Álvaro Morata;;;0.0;0.0;9.25;1.210813492063492;3.0;0.3978174603174603;;
